specimenID,treatment,population,stage,sex,morph,morph_sex,tissue,cohort,seeds,food_regime,class,plate,row,strip,well,rna_conc_ngul,A260_280,core_sample_number,kallisto_name,seq_date,read_filename,degraded,note,,
FC314_n8_dt,FC314,PK15,adult,f,LW,LWf,thorax,19,41,high,PK_hi_LWf_t,2,A,1,A1,74.3,2.21,S47,A1_S47,180824,180824/A1_S47_L002_R1_001.fastq.gz,,,,
FC322_n6_go,FC322,FR15,L5,f,NA,NA,gonad,27,15,low,FR_lo_l5f_g,2,A,10,A10,26.2,1.96,S119,A10_S119,180824,180824/A10_S119_L002_R1_001.fastq.gz,,,,
FC325_n10_dt,FC325,AC15,adult,f,SW,SWf,thorax,35,15,low,AC_lo_SWf_t,2,A,11,A11,118.6,118.6,S127,A11_S127,180824,180824/A11_S127_L002_R1_001.fastq.gz,,,,
FC325_n10_ov,FC325,AC15,adult,f,SW,SWf,gonad,35,15,low,AC_lo_SWf_g,2,A,12,A12,37.3,37.3,S135,A12_S135,180824,180824/A12_S135_L002_R1_001.fastq.gz,,,,
FC314_n8_go,FC314,PK15,adult,f,LW,LWf,gonad,19,41,high,PK_hi_LWf_g,2,A,2,A2,60.4,2.16,S55,A2_S55,180824,180824/A2_S55_L002_R1_001.fastq.gz,,,,
FC316_n7_dt,FC316,FR15,adult,f,SW,SWf,thorax,24,45,high,FR_hi_SWf_t,2,A,3,A3,258,2.18,S63,A3_S63,180824,180824/A3_S63_L002_R1_001.fastq.gz,,,,
FC316_n7_ab,FC316,FR15,adult,f,SW,SWf,abdomen,24,45,high,FR_hi_SWf_a,2,A,4,A4,19.3,1.89,S71,A4_S71,180824,180824/A4_S71_L002_R1_001.fastq.gz,,,,
FC317_n4_dt,FC317,PK13,L5,f,NA,NA,thorax,18,8,low,PK_lo_l5f_t,2,A,5,A5,97.7,2.22,S79,A5_S79,180824,180824/A5_S79_L002_R1_001.fastq.gz,,coded female but looks male - check expression,,
FC317_n4_ab,FC317,PK13,L5,f,NA,NA,abdomen,18,8,low,PK_lo_l5f_a,2,A,6,A6,7.5,2.63,S87,A6_S87,180824,180824/A6_S87_L002_R1_001.fastq.gz,,coded female but looks male - check expression,,
FC321_n2_dt,FC321,KL15,L5,m,NA,NA,thorax,48,80,high,KL_hi_l5m_t,2,A,7,A7,76.4,2.21,S95,A7_S95,180824,180824/A7_S95_L002_R1_001.fastq.gz,,,,
FC321_n2_ab,FC321,KL15,L5,m,NA,NA,abdomen,48,80,high,KL_hi_l5m_a,2,A,8,A8,29.4,2.31,S103,A8_S103,180824,180824/A8_S103_L002_R1_001.fastq.gz,,,,
FC322_n6_dt,FC322,FR15,L5,f,NA,NA,thorax,27,15,low,FR_lo_l5f_t,2,A,9,A9,7,2.01,S111,A9_S111,180824,180824/A9_S111_L002_R1_001.fastq.gz,,,,
FC346_n01_dt,FC346,KL15,adult,m,SW,SWm,thorax,10,5,low,KL_lo_SWm_t,2,B,1,B1,292,2.19,S48,B1_S48,180824,180824/B1_S48_L002_R1_001.fastq.gz,,,,
FC356_n12_go,FC356,AC15,adult,f,SW,SWf,gonad,20,10,low,AC_lo_SWf_g,2,B,10,B10,84.1,2.25,S120,B10_S120,180824,180824/B10_S120_L002_R1_001.fastq.gz,,,,
FC367_n06_dt,FC367,PK13,adult,f,LW,LWf,thorax,18,8,low,PK_lo_LWf_t,2,B,11,B11,429.3,2.16,S128,B11_S128,180824,180824/B11_S128_L002_R1_001.fastq.gz,,,,
FC367_n06_ov,FC367,PK13,adult,f,LW,LWf,gonad,18,8,low,PK_lo_LWf_g,2,B,12,B12,179.1,2.17,S136,B12_S136,180824,180824/B12_S136_L002_R1_001.fastq.gz,,,,
FC346_n01_te,FC346,KL15,adult,m,SW,SWm,gonad,10,5,low,KL_lo_SWm_g,2,B,2,B2,36.4,2.31,S56,B2_S56,180824,180824/B2_S56_L002_R1_001.fastq.gz,,,,
FC346_n02_dt,FC346,KL15,adult,m,LW,LWm,thorax,10,5,low,KL_lo_LWm_t,2,B,3,B3,408.6,2.16,S64,B3_S64,180824,180824/B3_S64_L002_R1_001.fastq.gz,,,,
FC346_n02_te,FC346,KL15,adult,m,LW,LWm,gonad,10,5,low,KL_lo_LWm_g,2,B,4,B4,12.4,2.1,S72,B4_S72,180824,180824/B4_S72_L002_R1_001.fastq.gz,,,,
FC349_n3_dt,FC349,KL15,adult,m,LW,LWm,thorax,15,7,low,KL_lo_LWm_t,2,B,5,B5,110.4,2.15,S80,B5_S80,180824,180824/B5_S80_L002_R1_001.fastq.gz,,,,
FC349_n3_te,FC349,KL15,adult,m,LW,LWm,gonad,15,7,low,KL_lo_LWm_g,2,B,6,B6,2.38,2.25,S88,B6_S88,180824,180824/B6_S88_L002_R1_001.fastq.gz,,,,
FC352_n12_dt,FC352,AC15,adult,f,SW,SWf,thorax,12,20,high,AC_hi_SWf_t,2,B,7,B7,369.9,2.13,S96,B7_S96,180824,180824/B7_S96_L002_R1_001.fastq.gz,,,,
FC352_n12_ov,FC352,AC15,adult,f,SW,SWf,gonad,12,20,high,AC_hi_SWf_g,2,B,8,B8,2.21,41.9,S104,B8_S104,180824,180824/B8_S104_L002_R1_001.fastq.gz,,,,
FC356_n12_dt,FC356,AC15,adult,f,SW,SWf,thorax,20,10,low,AC_lo_SWf_t,2,B,9,B9,19.5,2.05,S112,B9_S112,180824,180824/B9_S112_L002_R1_001.fastq.gz,,,,
FC367_n07_dt,FC367,PK13,adult,f,SW,SWf,thorax,18,8,low,PK_lo_SWf_t,2,C,1,C1,347.5,2.2,S49,C1_S49,180824,180824/C1_S49_L002_R1_001.fastq.gz,,,,
FC371_n02_ab,FC371,PK15,L5,m,NA,NA,abdomen,5,10,high,PK_hi_l5m_a,2,C,10,C10,208.5,2.34,S121,C10_S121,180824,180824/C10_S121_L002_R1_001.fastq.gz,,,,
FC372_n04_dt,FC372,PK15,adult,m,SW,SWm,thorax,10,10,low,PK_lo_SWm_t,2,C,11,C11,196.5,2.22,S129,C11_S129,180824,180824/C11_S129_L002_R1_001.fastq.gz,,,,
FC372_n04_te,FC372,PK15,adult,m,SW,SWm,gonad,10,10,low,PK_lo_SWm_g,2,C,12,C12,82.3,2.29,S137,C12_S137,180824,180824/C12_S137_L002_R1_001.fastq.gz,,,,
FC367_n07_ov,FC367,PK13,adult,f,SW,SWf,gonad,18,8,low,PK_lo_SWf_g,2,C,2,C2,134.9,2.19,S57,C2_S57,180824,180824/C2_S57_L002_R1_001.fastq.gz,,,,
FC367_n08_dt,FC367,PK13,adult,f,LW,LWf,thorax,18,8,low,PK_lo_LWf_t,2,C,3,C3,275.6,2.18,S65,C3_S65,180824,180824/C3_S65_L002_R1_001.fastq.gz,,,,
FC367_n08_ov,FC367,PK13,adult,f,LW,LWf,gonad,18,8,low,PK_lo_LWf_g,2,C,4,C4,90.6,2.17,S73,C4_S73,180824,180824/C4_S73_L002_R1_001.fastq.gz,,,,
FC367_n09_dt,FC367,PK13,adult,f,SW,SWf,thorax,18,8,low,PK_lo_SWf_t,2,C,5,C5,215.1,2.18,S81,C5_S81,180824,180824/C5_S81_L002_R1_001.fastq.gz,,,,
FC367_n09_ov,FC367,PK13,adult,f,SW,SWf,gonad,18,8,low,PK_lo_SWf_g,2,C,6,C6,343,2.16,S89,C6_S89,180824,180824/C6_S89_L002_R1_001.fastq.gz,,,,
FC371_n01_dt,FC371,PK15,adult,m,LW,LWm,thorax,5,10,high,PK_hi_LWm_t,2,C,7,C7,193.7,2.18,S97,C7_S97,180824,180824/C7_S97_L002_R1_001.fastq.gz,,,,
FC371_n01_te,FC371,PK15,adult,m,LW,LWm,gonad,5,10,high,PK_hi_LWm_g,2,C,8,C8,59.2,2.34,S105,C8_S105,180824,180824/C8_S105_L002_R1_001.fastq.gz,,,,
FC371_n02_dt,FC371,PK15,L5,m,NA,NA,thorax,5,10,high,PK_hi_l5m_t,2,C,9,C9,84.6,2.26,S113,C9_S113,180824,180824/C9_S113_L002_R1_001.fastq.gz,,,,
FC374_n06_dt,FC374,PK15,adult,m,SW,SWm,thorax,10,25,high,PK_hi_SWm_t,2,D,1,D1,248.1,2.17,S50,D1_S50,180824,180824/D1_S50_L002_R1_001.fastq.gz,,,,
FC375_n07_ov,FC375,PK15,adult,f,SW,SWf,gonad,30,10,low,PK_lo_SWf_g,2,D,10,D10,169.2,2.17,S122,D10_S122,180824,180824/D10_S122_L002_R1_001.fastq.gz,,,,
FC377_n11_dt,FC377,AC15,adult,m,SW,SWm,thorax,20,20,low,AC_lo_SWm_t,2,D,11,D11,318,2.17,S130,D11_S130,180824,180824/D11_S130_L002_R1_001.fastq.gz,,,,
FC377_n11_te,FC377,AC15,adult,m,SW,SWm,gonad,20,20,low,AC_lo_SWm_g,2,D,12,D12,131.6,2.22,S138,D12_S138,180824,180824/D12_S138_L002_R1_001.fastq.gz,,,,
FC374_n06_te,FC374,PK15,adult,m,SW,SWm,gonad,10,25,high,PK_hi_SWm_g,2,D,2,D2,146.9,2.21,S58,D2_S58,180824,180824/D2_S58_L002_R1_001.fastq.gz,,,,
FC374_n07_dt,FC374,PK15,adult,f,LW,LWf,thorax,10,25,high,PK_hi_LWf_t,2,D,3,D3,932.8,2.2,S66,D3_S66,180824,180824/D3_S66_L002_R1_001.fastq.gz,,,,
FC374_n07_ov,FC374,PK15,adult,f,LW,LWf,gonad,10,25,high,PK_hi_LWf_g,2,D,4,D4,117.4,2.16,S74,D4_S74,180824,180824/D4_S74_L002_R1_001.fastq.gz,,,,
FC375_n01_dt,FC375,PK15,adult,m,SW,SWm,thorax,30,10,low,PK_lo_SWm_t,2,D,5,D5,433.1,2.17,S82,D5_S82,180824,180824/D5_S82_L002_R1_001.fastq.gz,,,,
FC375_n01_te,FC375,PK15,adult,m,SW,SWm,gonad,30,10,low,PK_lo_SWm_g,2,D,6,D6,81.1,2.21,S90,D6_S90,180824,180824/D6_S90_L002_R1_001.fastq.gz,,,,
FC375_n05_dt,FC375,PK15,adult,m,LW,LWm,thorax,30,10,low,PK_lo_LWm_t,2,D,7,D7,530.9,2.18,S98,D7_S98,180824,180824/D7_S98_L002_R1_001.fastq.gz,,,,
FC375_n05_te,FC375,PK15,adult,m,LW,LWm,gonad,30,10,low,PK_lo_LWm_g,2,D,8,D8,117.9,2.23,S106,D8_S106,180824,180824/D8_S106_L002_R1_001.fastq.gz,,,,
FC375_n07_dt,FC375,PK15,adult,f,SW,SWf,thorax,30,10,low,PK_lo_SWf_t,2,D,9,D9,707.6,2.23,S114,D9_S114,180824,180824/D9_S114_L002_R1_001.fastq.gz,,,,
FC399_n06_dt,FC399,KL15,adult,f,SW,SWf,thorax,14,14,low,KL_lo_SWf_t,4,A,1,A1,789.8,2.17,DAJHX1,DAJHX1_UMI_S1,200701,200701/DAJHX1_UMI_S1_L001_R1_001.fastq.gz,FALSE,,,
FC399_n06_dt,FC399,KL15,adult,f,SW,SWf,thorax,14,14,low,KL_lo_SWf_t,4,A,1,A1,789.8,2.17,DAJHX1,DAJHX1_UMI_S186,200611,200611/DAJHX1_UMI_S186_L008_R1_001.fastq.gz,FALSE,,,
FC406_n04_ov,FC406,PK15,adult,f,SW,SWf,gonad,25,40,high,PK_hi_SWf_g,4,A,10,A10,183.7,2.15,DAJHX10,DAJHX10_UMI_S10,200701,200701/DAJHX10_UMI_S10_L001_R1_001.fastq.gz,FALSE,,,
FC406_n04_ov,FC406,PK15,adult,f,SW,SWf,gonad,25,40,high,PK_hi_SWf_g,4,A,10,A10,183.7,2.15,DAJHX10,DAJHX10_UMI_S195,200611,200611/DAJHX10_UMI_S195_L008_R1_001.fastq.gz,FALSE,,,
FC407_n01_dt,FC407,KL15,adult,m,SW,SWm,thorax,19,30,high,KL_hi_SWm_t,4,A,11,A11,128.4,2.15,DAJHX11,DAJHX11_UMI_S11,200701,200701/DAJHX11_UMI_S11_L001_R1_001.fastq.gz,FALSE,,,
FC407_n01_dt,FC407,KL15,adult,m,SW,SWm,thorax,19,30,high,KL_hi_SWm_t,4,A,11,A11,128.4,2.15,DAJHX11,DAJHX11_UMI_S196,200611,200611/DAJHX11_UMI_S196_L008_R1_001.fastq.gz,FALSE,,,
FC407_n01_te,FC407,KL15,adult,m,SW,SWm,gonad,19,30,high,KL_hi_SWm_g,4,A,12,A12,118.6,2.14,DAJHX12,DAJHX12_UMI_S12,200701,200701/DAJHX12_UMI_S12_L001_R1_001.fastq.gz,FALSE,,,
FC407_n01_te,FC407,KL15,adult,m,SW,SWm,gonad,19,30,high,KL_hi_SWm_g,4,A,12,A12,118.6,2.14,DAJHX12,DAJHX12_UMI_S197,200611,200611/DAJHX12_UMI_S197_L008_R1_001.fastq.gz,FALSE,,,
FC410_n02_dt,FC410,PK15,adult,f,LW,LWf,thorax,20,10,low,PK_lo_LWf_t,4,B,1,B1,672.2,2.24,DAJHX13,DAJHX13_UMI_S13,200701,200701/DAJHX13_UMI_S13_L001_R1_001.fastq.gz,FALSE,,,
FC410_n02_dt,FC410,PK15,adult,f,LW,LWf,thorax,20,10,low,PK_lo_LWf_t,4,B,1,B1,672.2,2.24,DAJHX13,DAJHX13_UMI_S198,200611,200611/DAJHX13_UMI_S198_L008_R1_001.fastq.gz,FALSE,,,
FC410_n02_ov,FC410,PK15,adult,f,LW,LWf,gonad,20,10,low,PK_lo_LWf_g,4,B,2,B2,49.4,3.97,DAJHX14,DAJHX14_UMI_S14,200701,200701/DAJHX14_UMI_S14_L001_R1_001.fastq.gz,FALSE,,,
FC410_n02_ov,FC410,PK15,adult,f,LW,LWf,gonad,20,10,low,PK_lo_LWf_g,4,B,2,B2,49.4,3.97,DAJHX14,DAJHX14_UMI_S199,200611,200611/DAJHX14_UMI_S199_L008_R1_001.fastq.gz,FALSE,,,
FC415_n02_dt,FC415,KL15,adult,f,SW,SWf,thorax,35,15,low,KL_lo_SWf_t,4,B,3,B3,129.3,2.72,DAJHX15,DAJHX15_UMI_S270,200611,200611/DAJHX15_UMI_S270_L008_R1_001.fastq.gz,FALSE,,,
FC415_n02_dt,FC415,KL15,adult,f,SW,SWf,thorax,35,15,low,KL_lo_SWf_t,4,B,3,B3,129.3,2.72,DAJHX15,DAJHX15_UMI_S85,200701,200701/DAJHX15_UMI_S85_L001_R1_001.fastq.gz,FALSE,,,
FC415_n02_ov,FC415,KL15,adult,f,SW,SWf,gonad,35,15,low,KL_lo_SWf_g,4,B,4,B4,0.8,9.53,DAJHX16,DAJHX16_UMI_S271,200611,200611/DAJHX16_UMI_S271_L008_R1_001.fastq.gz,TRUE,,,
FC415_n02_ov,FC415,KL15,adult,f,SW,SWf,gonad,35,15,low,KL_lo_SWf_g,4,B,4,B4,0.8,9.53,DAJHX16,DAJHX16_UMI_S86,200701,200701/DAJHX16_UMI_S86_L001_R1_001.fastq.gz,TRUE,,,
FC417_n01_dt,FC417,KL15,adult,m,LW,LWm,thorax,28,40,high,KL_hi_LWm_t,4,B,5,B5,341.3,2.14,DAJHX17,DAJHX17_UMI_S15,200701,200701/DAJHX17_UMI_S15_L001_R1_001.fastq.gz,FALSE,,,
FC417_n01_dt,FC417,KL15,adult,m,LW,LWm,thorax,28,40,high,KL_hi_LWm_t,4,B,5,B5,341.3,2.14,DAJHX17,DAJHX17_UMI_S200,200611,200611/DAJHX17_UMI_S200_L008_R1_001.fastq.gz,FALSE,,,
FC417_n01_te,FC417,KL15,adult,m,LW,LWm,gonad,28,40,high,KL_hi_LWm_g,4,B,6,B6,252.5,2.15,DAJHX18,DAJHX18_UMI_S16,200701,200701/DAJHX18_UMI_S16_L001_R1_001.fastq.gz,TRUE,,,
FC417_n01_te,FC417,KL15,adult,m,LW,LWm,gonad,28,40,high,KL_hi_LWm_g,4,B,6,B6,252.5,2.15,DAJHX18,DAJHX18_UMI_S201,200611,200611/DAJHX18_UMI_S201_L008_R1_001.fastq.gz,TRUE,,,
FC417_n05_dt,FC417,KL15,adult,m,LW,LWm,thorax,28,40,high,KL_hi_LWm_t,4,B,7,B7,664.9,2.18,DAJHX19,DAJHX19_UMI_S17,200701,200701/DAJHX19_UMI_S17_L001_R1_001.fastq.gz,FALSE,,,
FC417_n05_dt,FC417,KL15,adult,m,LW,LWm,thorax,28,40,high,KL_hi_LWm_t,4,B,7,B7,664.9,2.18,DAJHX19,DAJHX19_UMI_S202,200611,200611/DAJHX19_UMI_S202_L008_R1_001.fastq.gz,FALSE,,,
FC399_n06_ov,FC399,KL15,adult,f,SW,SWf,gonad,14,14,low,KL_lo_SWf_g,4,A,2,A2,1164.6,2.17,DAJHX2,DAJHX2_UMI_S187,200611,200611/DAJHX2_UMI_S187_L008_R1_001.fastq.gz,TRUE,,,
FC399_n06_ov,FC399,KL15,adult,f,SW,SWf,gonad,14,14,low,KL_lo_SWf_g,4,A,2,A2,1164.6,2.17,DAJHX2,DAJHX2_UMI_S2,200701,200701/DAJHX2_UMI_S2_L001_R1_001.fastq.gz,TRUE,,,
FC417_n05_te,FC417,KL15,adult,m,LW,LWm,gonad,28,40,high,KL_hi_LWm_g,4,B,8,B8,152.3,2.16,DAJHX20,DAJHX20_UMI_S272,200611,200611/DAJHX20_UMI_S272_L008_R1_001.fastq.gz,TRUE,,,
FC417_n05_te,FC417,KL15,adult,m,LW,LWm,gonad,28,40,high,KL_hi_LWm_g,4,B,8,B8,152.3,2.16,DAJHX20,DAJHX20_UMI_S87,200701,200701/DAJHX20_UMI_S87_L001_R1_001.fastq.gz,TRUE,,,
FC417_n18_dt,FC417,KL15,adult,f,LW,LWf,thorax,28,40,high,KL_hi_LWf_t,4,B,9,B9,596.5,2.19,DAJHX21,DAJHX21_UMI_S273,200611,200611/DAJHX21_UMI_S273_L008_R1_001.fastq.gz,FALSE,,,
FC417_n18_dt,FC417,KL15,adult,f,LW,LWf,thorax,28,40,high,KL_hi_LWf_t,4,B,9,B9,596.5,2.19,DAJHX21,DAJHX21_UMI_S88,200701,200701/DAJHX21_UMI_S88_L001_R1_001.fastq.gz,FALSE,,,
FC417_n18_ov,FC417,KL15,adult,f,LW,LWf,gonad,28,40,high,KL_hi_LWf_g,4,B,10,B10,648.1,2.21,DAJHX22,DAJHX22_UMI_S18,200701,200701/DAJHX22_UMI_S18_L001_R1_001.fastq.gz,TRUE,,,
FC417_n18_ov,FC417,KL15,adult,f,LW,LWf,gonad,28,40,high,KL_hi_LWf_g,4,B,10,B10,648.1,2.21,DAJHX22,DAJHX22_UMI_S203,200611,200611/DAJHX22_UMI_S203_L008_R1_001.fastq.gz,TRUE,,,
FC422_n05_dt,FC422,FR14,adult,m,LW,LWm,thorax,28,36,high,FR_hi_LWm_t,4,B,11,B11,116.7,2.7,DAJHX23,DAJHX23_UMI_S19,200701,200701/DAJHX23_UMI_S19_L001_R1_001.fastq.gz,FALSE,,,
FC422_n05_dt,FC422,FR14,adult,m,LW,LWm,thorax,28,36,high,FR_hi_LWm_t,4,B,11,B11,116.7,2.7,DAJHX23,DAJHX23_UMI_S204,200611,200611/DAJHX23_UMI_S204_L008_R1_001.fastq.gz,FALSE,,,
FC422_n05_te,FC422,FR14,adult,m,LW,LWm,gonad,28,36,high,FR_hi_LWm_g,4,B,12,B12,314,2.18,DAJHX24,DAJHX24_UMI_S20,200701,200701/DAJHX24_UMI_S20_L001_R1_001.fastq.gz,TRUE,,,
FC422_n05_te,FC422,FR14,adult,m,LW,LWm,gonad,28,36,high,FR_hi_LWm_g,4,B,12,B12,314,2.18,DAJHX24,DAJHX24_UMI_S205,200611,200611/DAJHX24_UMI_S205_L008_R1_001.fastq.gz,TRUE,,,
FC422_n16_dt,FC422,FR14,adult,f,LW,LWf,thorax,28,36,high,FR_hi_LWf_t,4,C,1,C1,456.5,2.16,DAJHX25,DAJHX25_UMI_S206,200611,200611/DAJHX25_UMI_S206_L008_R1_001.fastq.gz,FALSE,,,
FC422_n16_dt,FC422,FR14,adult,f,LW,LWf,thorax,28,36,high,FR_hi_LWf_t,4,C,1,C1,456.5,2.16,DAJHX25,DAJHX25_UMI_S21,200701,200701/DAJHX25_UMI_S21_L001_R1_001.fastq.gz,FALSE,,,
FC422_n16_ov,FC422,FR14,adult,f,LW,LWf,gonad,28,36,high,FR_hi_LWf_g,4,C,2,C2,73.4,1.71,DAJHX26,DAJHX26_UMI_S207,200611,200611/DAJHX26_UMI_S207_L008_R1_001.fastq.gz,TRUE,,,
FC422_n16_ov,FC422,FR14,adult,f,LW,LWf,gonad,28,36,high,FR_hi_LWf_g,4,C,2,C2,73.4,1.71,DAJHX26,DAJHX26_UMI_S22,200701,200701/DAJHX26_UMI_S22_L001_R1_001.fastq.gz,TRUE,,,
FC423_n01_dt,FC423,AC15,L5,f,NA,NA,thorax,32,45,high,AC_hi_l5f_t,4,C,3,C3,176.1,2.24,DAJHX27,DAJHX27_UMI_S208,200611,200611/DAJHX27_UMI_S208_L008_R1_001.fastq.gz,FALSE,,,
FC423_n01_dt,FC423,AC15,L5,f,NA,NA,thorax,32,45,high,AC_hi_l5f_t,4,C,3,C3,176.1,2.24,DAJHX27,DAJHX27_UMI_S23,200701,200701/DAJHX27_UMI_S23_L001_R1_001.fastq.gz,FALSE,,,
FC423_n01_ab,FC423,AC15,L5,f,NA,NA,abdomen,32,45,high,AC_hi_l5f_a,4,C,4,C4,94.5,2.15,DAJHX28,DAJHX28_UMI_S274,200611,200611/DAJHX28_UMI_S274_L008_R1_001.fastq.gz,FALSE,,,
FC423_n01_ab,FC423,AC15,L5,f,NA,NA,abdomen,32,45,high,AC_hi_l5f_a,4,C,4,C4,94.5,2.15,DAJHX28,DAJHX28_UMI_S89,200701,200701/DAJHX28_UMI_S89_L001_R1_001.fastq.gz,FALSE,,,
FC424_n01_dt,FC424,FR14,adult,m,LW,LWm,thorax,36,18,low,FR_lo_LWm_t,4,C,5,C5,143.3,2.18,DAJHX29,DAJHX29_UMI_S209,200611,200611/DAJHX29_UMI_S209_L008_R1_001.fastq.gz,FALSE,,,
FC424_n01_dt,FC424,FR14,adult,m,LW,LWm,thorax,36,18,low,FR_lo_LWm_t,4,C,5,C5,143.3,2.18,DAJHX29,DAJHX29_UMI_S24,200701,200701/DAJHX29_UMI_S24_L001_R1_001.fastq.gz,FALSE,,,
FC403_n02_dt,FC403,PK15,L5,f,NA,NA,thorax,36,50,high,PK_hi_l5f_t,4,A,3,A3,1242.9,2.18,DAJHX3,DAJHX3_UMI_S188,200611,200611/DAJHX3_UMI_S188_L008_R1_001.fastq.gz,FALSE,Sex is ambigous in picture,,
FC403_n02_dt,FC403,PK15,L5,f,NA,NA,thorax,36,50,high,PK_hi_l5f_t,4,A,3,A3,1242.9,2.18,DAJHX3,DAJHX3_UMI_S3,200701,200701/DAJHX3_UMI_S3_L001_R1_001.fastq.gz,FALSE,Sex is ambigous in picture,,
FC424_n01_te,FC424,FR14,adult,m,LW,LWm,gonad,36,18,low,FR_lo_LWm_g,4,C,6,C6,97.2,2.21,DAJHX30,DAJHX30_UMI_S210,200611,200611/DAJHX30_UMI_S210_L008_R1_001.fastq.gz,TRUE,,,
FC424_n01_te,FC424,FR14,adult,m,LW,LWm,gonad,36,18,low,FR_lo_LWm_g,4,C,6,C6,97.2,2.21,DAJHX30,DAJHX30_UMI_S25,200701,200701/DAJHX30_UMI_S25_L001_R1_001.fastq.gz,TRUE,,,
FC424_n02_dt,FC424,FR14,adult,f,SW,SWf,thorax,36,18,low,FR_lo_SWf_t,4,C,7,C7,241.1,2.47,DAJHX31,DAJHX31_UMI_S211,200611,200611/DAJHX31_UMI_S211_L008_R1_001.fastq.gz,FALSE,,,
FC424_n02_dt,FC424,FR14,adult,f,SW,SWf,thorax,36,18,low,FR_lo_SWf_t,4,C,7,C7,241.1,2.47,DAJHX31,DAJHX31_UMI_S26,200701,200701/DAJHX31_UMI_S26_L001_R1_001.fastq.gz,FALSE,,,
FC424_n02_ov,FC424,FR14,adult,f,SW,SWf,gonad,36,18,low,FR_lo_SWf_g,4,C,8,C8,63.1,1.87,DAJHX32,DAJHX32_UMI_S212,200611,200611/DAJHX32_UMI_S212_L008_R1_001.fastq.gz,TRUE,,,
FC424_n02_ov,FC424,FR14,adult,f,SW,SWf,gonad,36,18,low,FR_lo_SWf_g,4,C,8,C8,63.1,1.87,DAJHX32,DAJHX32_UMI_S27,200701,200701/DAJHX32_UMI_S27_L001_R1_001.fastq.gz,TRUE,,,
FC426_n02_dt,FC426,AC15,adult,m,SW,SWm,thorax,29,15,low,AC_lo_SWm_t,4,C,9,C9,407.5,2.12,DAJHX33,DAJHX33_UMI_S213,200611,200611/DAJHX33_UMI_S213_L008_R1_001.fastq.gz,FALSE,,,
FC426_n02_dt,FC426,AC15,adult,m,SW,SWm,thorax,29,15,low,AC_lo_SWm_t,4,C,9,C9,407.5,2.12,DAJHX33,DAJHX33_UMI_S28,200701,200701/DAJHX33_UMI_S28_L001_R1_001.fastq.gz,FALSE,,,
FC426_n02_te,FC426,AC15,adult,m,SW,SWm,gonad,29,15,low,AC_lo_SWm_g,4,C,10,C10,273.6,2.17,DAJHX34,DAJHX34_UMI_S214,200611,200611/DAJHX34_UMI_S214_L008_R1_001.fastq.gz,TRUE,,,
FC426_n02_te,FC426,AC15,adult,m,SW,SWm,gonad,29,15,low,AC_lo_SWm_g,4,C,10,C10,273.6,2.17,DAJHX34,DAJHX34_UMI_S29,200701,200701/DAJHX34_UMI_S29_L001_R1_001.fastq.gz,TRUE,,,
FC428_n01_dt,FC428,AC15,adult,m,LW,LWm,thorax,26,36,high,AC_hi_LWm_t,4,C,11,C11,603.4,2.19,DAJHX35,DAJHX35_UMI_S215,200611,200611/DAJHX35_UMI_S215_L008_R1_001.fastq.gz,FALSE,,,
FC428_n01_dt,FC428,AC15,adult,m,LW,LWm,thorax,26,36,high,AC_hi_LWm_t,4,C,11,C11,603.4,2.19,DAJHX35,DAJHX35_UMI_S30,200701,200701/DAJHX35_UMI_S30_L001_R1_001.fastq.gz,FALSE,,,
FC428_n01_te,FC428,AC15,adult,m,LW,LWm,gonad,26,36,high,AC_hi_LWm_g,4,C,12,C12,,,DAJHX36,DAJHX36_UMI_S216,200611,200611/DAJHX36_UMI_S216_L008_R1_001.fastq.gz,TRUE,,,
FC428_n01_te,FC428,AC15,adult,m,LW,LWm,gonad,26,36,high,AC_hi_LWm_g,4,C,12,C12,,,DAJHX36,DAJHX36_UMI_S31,200701,200701/DAJHX36_UMI_S31_L001_R1_001.fastq.gz,TRUE,,,
FC428_n17_dt,FC428,AC15,adult,f,LW,LWf,thorax,26,36,high,AC_hi_LWf_t,4,D,1,D1,326.3,2.15,DAJHX37,DAJHX37_UMI_S217,200611,200611/DAJHX37_UMI_S217_L008_R1_001.fastq.gz,FALSE,LW shape but short wing length,,
FC428_n17_dt,FC428,AC15,adult,f,LW,LWf,thorax,26,36,high,AC_hi_LWf_t,4,D,1,D1,326.3,2.15,DAJHX37,DAJHX37_UMI_S32,200701,200701/DAJHX37_UMI_S32_L001_R1_001.fastq.gz,FALSE,LW shape but short wing length,,
FC428_n17_ov,FC428,AC15,adult,f,LW,LWf,gonad,26,36,high,AC_hi_LWf_g,4,D,2,D2,205.5,2.16,DAJHX38,DAJHX38_UMI_S218,200611,200611/DAJHX38_UMI_S218_L008_R1_001.fastq.gz,TRUE,,,
FC428_n17_ov,FC428,AC15,adult,f,LW,LWf,gonad,26,36,high,AC_hi_LWf_g,4,D,2,D2,205.5,2.16,DAJHX38,DAJHX38_UMI_S33,200701,200701/DAJHX38_UMI_S33_L001_R1_001.fastq.gz,TRUE,,,
FC431_n01_dt,FC431,FR14,adult,m,SW,SWm,thorax,17,30,high,FR_hi_SWm_t,4,D,3,D3,390,2.28,DAJHX39,DAJHX39_UMI_S219,200611,200611/DAJHX39_UMI_S219_L008_R1_001.fastq.gz,FALSE,,,
FC431_n01_dt,FC431,FR14,adult,m,SW,SWm,thorax,17,30,high,FR_hi_SWm_t,4,D,3,D3,390,2.28,DAJHX39,DAJHX39_UMI_S34,200701,200701/DAJHX39_UMI_S34_L001_R1_001.fastq.gz,FALSE,,,
FC403_n02_ab,FC403,PK15,L5,f,NA,NA,abdomen,36,50,high,PK_hi_l5f_a,4,A,4,A4,1138.6,2.21,DAJHX4,DAJHX4_UMI_S189,200611,200611/DAJHX4_UMI_S189_L008_R1_001.fastq.gz,FALSE,,,
FC403_n02_ab,FC403,PK15,L5,f,NA,NA,abdomen,36,50,high,PK_hi_l5f_a,4,A,4,A4,1138.6,2.21,DAJHX4,DAJHX4_UMI_S4,200701,200701/DAJHX4_UMI_S4_L001_R1_001.fastq.gz,FALSE,,,
FC431_n01_te,FC431,FR14,adult,m,SW,SWm,gonad,17,30,high,FR_hi_SWm_g,4,D,4,D4,172.7,2.52,DAJHX40,DAJHX40_UMI_S220,200611,200611/DAJHX40_UMI_S220_L008_R1_001.fastq.gz,TRUE,,,
FC431_n01_te,FC431,FR14,adult,m,SW,SWm,gonad,17,30,high,FR_hi_SWm_g,4,D,4,D4,172.7,2.52,DAJHX40,DAJHX40_UMI_S35,200701,200701/DAJHX40_UMI_S35_L001_R1_001.fastq.gz,TRUE,,,
FC431_n07_dt,FC431,FR14,adult,f,SW,SWf,thorax,17,30,high,FR_hi_SWf_t,4,D,5,D5,584.7,2.19,DAJHX41,DAJHX41_UMI_S221,200611,200611/DAJHX41_UMI_S221_L008_R1_001.fastq.gz,FALSE,,,
FC431_n07_dt,FC431,FR14,adult,f,SW,SWf,thorax,17,30,high,FR_hi_SWf_t,4,D,5,D5,584.7,2.19,DAJHX41,DAJHX41_UMI_S36,200701,200701/DAJHX41_UMI_S36_L001_R1_001.fastq.gz,FALSE,,,
FC431_n07_ov,FC431,FR14,adult,f,SW,SWf,gonad,17,30,high,FR_hi_SWf_g,4,D,6,D6,78,2.29,DAJHX42,DAJHX42_UMI_S222,200611,200611/DAJHX42_UMI_S222_L008_R1_001.fastq.gz,TRUE,,,
FC431_n07_ov,FC431,FR14,adult,f,SW,SWf,gonad,17,30,high,FR_hi_SWf_g,4,D,6,D6,78,2.29,DAJHX42,DAJHX42_UMI_S37,200701,200701/DAJHX42_UMI_S37_L001_R1_001.fastq.gz,TRUE,,,
FC431_n08_dt,FC431,FR14,adult,f,LW,LWf,thorax,17,30,high,FR_hi_LWf_t,4,D,7,D7,111.5,2.05,DAJHX43,DAJHX43_UMI_S223,200611,200611/DAJHX43_UMI_S223_L008_R1_001.fastq.gz,FALSE,,,
FC431_n08_dt,FC431,FR14,adult,f,LW,LWf,thorax,17,30,high,FR_hi_LWf_t,4,D,7,D7,111.5,2.05,DAJHX43,DAJHX43_UMI_S38,200701,200701/DAJHX43_UMI_S38_L001_R1_001.fastq.gz,FALSE,,,
FC431_n08_ov,FC431,FR14,adult,f,LW,LWf,gonad,17,30,high,FR_hi_LWf_g,4,D,8,D8,45.5,2.32,DAJHX44,DAJHX44_UMI_S224,200611,200611/DAJHX44_UMI_S224_L008_R1_001.fastq.gz,TRUE,,,
FC431_n08_ov,FC431,FR14,adult,f,LW,LWf,gonad,17,30,high,FR_hi_LWf_g,4,D,8,D8,45.5,2.32,DAJHX44,DAJHX44_UMI_S39,200701,200701/DAJHX44_UMI_S39_L001_R1_001.fastq.gz,TRUE,,,
FC435_n01_dt,FC435,PK13,L5,f,NA,NA,thorax,34,15,low,PK_lo_l5f_t,4,D,9,D9,73.9,2.15,DAJHX45,DAJHX45_UMI_S225,200611,200611/DAJHX45_UMI_S225_L008_R1_001.fastq.gz,FALSE,,,
FC435_n01_dt,FC435,PK13,L5,f,NA,NA,thorax,34,15,low,PK_lo_l5f_t,4,D,9,D9,73.9,2.15,DAJHX45,DAJHX45_UMI_S40,200701,200701/DAJHX45_UMI_S40_L001_R1_001.fastq.gz,FALSE,,,
FC435_n01_dt,FC435,PK13,L5,f,NA,NA,thorax,34,15,low,PK_lo_l5f_t,4,D,10,D10,210.8,2.19,DAJHX46,DAJHX46_UMI_S226,200611,200611/DAJHX46_UMI_S226_L008_R1_001.fastq.gz,FALSE,,,
FC435_n01_dt,FC435,PK13,L5,f,NA,NA,thorax,34,15,low,PK_lo_l5f_t,4,D,10,D10,210.8,2.19,DAJHX46,DAJHX46_UMI_S41,200701,200701/DAJHX46_UMI_S41_L001_R1_001.fastq.gz,FALSE,,,
FC435_n04_dt,FC435,PK13,adult,m,LW,LWm,thorax,34,15,low,PK_lo_LWm_t,4,D,11,D11,724.6,2.28,DAJHX47,DAJHX47_UMI_S227,200611,200611/DAJHX47_UMI_S227_L008_R1_001.fastq.gz,FALSE,,,
FC435_n04_dt,FC435,PK13,adult,m,LW,LWm,thorax,34,15,low,PK_lo_LWm_t,4,D,11,D11,724.6,2.28,DAJHX47,DAJHX47_UMI_S42,200701,200701/DAJHX47_UMI_S42_L001_R1_001.fastq.gz,FALSE,,,
FC435_n04_te,FC435,PK13,adult,m,LW,LWm,gonad,34,15,low,PK_lo_LWm_g,4,D,12,D12,359.3,2.29,DAJHX48,DAJHX48_UMI_S228,200611,200611/DAJHX48_UMI_S228_L008_R1_001.fastq.gz,TRUE,,,
FC435_n04_te,FC435,PK13,adult,m,LW,LWm,gonad,34,15,low,PK_lo_LWm_g,4,D,12,D12,359.3,2.29,DAJHX48,DAJHX48_UMI_S43,200701,200701/DAJHX48_UMI_S43_L001_R1_001.fastq.gz,TRUE,,,
FC437_n01_dt,FC437,FR14,L5,m,NA,NA,thorax,60,80,high,FR_hi_l5m_t,4,E,1,E1,47.5,2.17,DAJHX49,DAJHX49_UMI_S229,200611,200611/DAJHX49_UMI_S229_L008_R1_001.fastq.gz,FALSE,,,
FC437_n01_dt,FC437,FR14,L5,m,NA,NA,thorax,60,80,high,FR_hi_l5m_t,4,E,1,E1,47.5,2.17,DAJHX49,DAJHX49_UMI_S44,200701,200701/DAJHX49_UMI_S44_L001_R1_001.fastq.gz,FALSE,,,
FC405_n09_dt,FC405,PK15,adult,m,LW,LWm,thorax,16,32,high,PK_hi_LWm_t,4,A,5,A5,209.8,2.18,DAJHX5,DAJHX5_UMI_S190,200611,200611/DAJHX5_UMI_S190_L008_R1_001.fastq.gz,FALSE,,,
FC405_n09_dt,FC405,PK15,adult,m,LW,LWm,thorax,16,32,high,PK_hi_LWm_t,4,A,5,A5,209.8,2.18,DAJHX5,DAJHX5_UMI_S5,200701,200701/DAJHX5_UMI_S5_L001_R1_001.fastq.gz,FALSE,,,
FC437_n01_ab,FC437,FR14,L5,m,NA,NA,abdomen,60,80,high,FR_hi_l5m_a,4,E,2,E2,322.5,2.15,DAJHX50,DAJHX50_UMI_S230,200611,200611/DAJHX50_UMI_S230_L008_R1_001.fastq.gz,FALSE,,,
FC437_n01_ab,FC437,FR14,L5,m,NA,NA,abdomen,60,80,high,FR_hi_l5m_a,4,E,2,E2,322.5,2.15,DAJHX50,DAJHX50_UMI_S45,200701,200701/DAJHX50_UMI_S45_L001_R1_001.fastq.gz,FALSE,,,
FC437_n03_dt,FC437,FR14,adult,m,SW,SWm,thorax,60,80,high,FR_hi_SWm_t,4,E,3,E3,242.1,2.15,DAJHX51,DAJHX51_UMI_S231,200611,200611/DAJHX51_UMI_S231_L008_R1_001.fastq.gz,FALSE,,,
FC437_n03_dt,FC437,FR14,adult,m,SW,SWm,thorax,60,80,high,FR_hi_SWm_t,4,E,3,E3,242.1,2.15,DAJHX51,DAJHX51_UMI_S46,200701,200701/DAJHX51_UMI_S46_L001_R1_001.fastq.gz,FALSE,,,
FC437_n03_te,FC437,FR14,adult,m,SW,SWm,gonad,60,80,high,FR_hi_SWm_g,4,E,4,E4,408.01,2.14,DAJHX52,DAJHX52_UMI_S232,200611,200611/DAJHX52_UMI_S232_L008_R1_001.fastq.gz,TRUE,,,
FC437_n03_te,FC437,FR14,adult,m,SW,SWm,gonad,60,80,high,FR_hi_SWm_g,4,E,4,E4,408.01,2.14,DAJHX52,DAJHX52_UMI_S47,200701,200701/DAJHX52_UMI_S47_L001_R1_001.fastq.gz,TRUE,,,
FC439_n01_dt,FC439,KL15,L5,m,NA,NA,thorax,53,38,low,KL_lo_l5m_t,4,E,5,E5,406,2.13,DAJHX53,DAJHX53_UMI_S233,200611,200611/DAJHX53_UMI_S233_L008_R1_001.fastq.gz,FALSE,,,
FC439_n01_dt,FC439,KL15,L5,m,NA,NA,thorax,53,38,low,KL_lo_l5m_t,4,E,5,E5,406,2.13,DAJHX53,DAJHX53_UMI_S48,200701,200701/DAJHX53_UMI_S48_L001_R1_001.fastq.gz,FALSE,,,
FC439_n01_ab,FC439,KL15,L5,m,NA,NA,abdomen,53,38,low,KL_lo_l5m_a,4,E,6,E6,256,2.14,DAJHX54,DAJHX54_UMI_S234,200611,200611/DAJHX54_UMI_S234_L008_R1_001.fastq.gz,FALSE,,,
FC439_n01_ab,FC439,KL15,L5,m,NA,NA,abdomen,53,38,low,KL_lo_l5m_a,4,E,6,E6,256,2.14,DAJHX54,DAJHX54_UMI_S49,200701,200701/DAJHX54_UMI_S49_L001_R1_001.fastq.gz,FALSE,,,
FC439_n07_dt,FC439,KL15,adult,f,SW,SWf,thorax,53,38,low,KL_lo_SWf_t,4,E,7,E7,197.2,2.24,DAJHX55,DAJHX55_UMI_S235,200611,200611/DAJHX55_UMI_S235_L008_R1_001.fastq.gz,FALSE,,,
FC439_n07_dt,FC439,KL15,adult,f,SW,SWf,thorax,53,38,low,KL_lo_SWf_t,4,E,7,E7,197.2,2.24,DAJHX55,DAJHX55_UMI_S50,200701,200701/DAJHX55_UMI_S50_L001_R1_001.fastq.gz,FALSE,,,
FC439_n07_ov,FC439,KL15,adult,f,SW,SWf,gonad,53,38,low,KL_lo_SWf_g,4,E,8,E8,150.2,2.24,DAJHX56,DAJHX56_UMI_S236,200611,200611/DAJHX56_UMI_S236_L008_R1_001.fastq.gz,FALSE,,,
FC439_n07_ov,FC439,KL15,adult,f,SW,SWf,gonad,53,38,low,KL_lo_SWf_g,4,E,8,E8,150.2,2.24,DAJHX56,DAJHX56_UMI_S51,200701,200701/DAJHX56_UMI_S51_L001_R1_001.fastq.gz,FALSE,,,
FC439_n08_dt,FC439,KL15,adult,f,SW,SWf,thorax,53,38,low,KL_lo_SWf_t,4,E,9,E9,316.7,2.21,DAJHX57,DAJHX57_UMI_S237,200611,200611/DAJHX57_UMI_S237_L008_R1_001.fastq.gz,FALSE,,,
FC439_n08_dt,FC439,KL15,adult,f,SW,SWf,thorax,53,38,low,KL_lo_SWf_t,4,E,9,E9,316.7,2.21,DAJHX57,DAJHX57_UMI_S52,200701,200701/DAJHX57_UMI_S52_L001_R1_001.fastq.gz,FALSE,,,
FC439_n08_ov,FC439,KL15,adult,f,SW,SWf,gonad,53,38,low,KL_lo_SWf_g,4,E,10,E10,70.9,2.25,DAJHX58,DAJHX58_UMI_S238,200611,200611/DAJHX58_UMI_S238_L008_R1_001.fastq.gz,FALSE,,,
FC439_n08_ov,FC439,KL15,adult,f,SW,SWf,gonad,53,38,low,KL_lo_SWf_g,4,E,10,E10,70.9,2.25,DAJHX58,DAJHX58_UMI_S53,200701,200701/DAJHX58_UMI_S53_L001_R1_001.fastq.gz,FALSE,,,
FC442_n28_dt,FC442,FR15,adult,f,LW,LWf,thorax,82,96,high,FR_hi_LWf_t,4,E,11,E11,115.6,2.2,DAJHX59,DAJHX59_UMI_S239,200611,200611/DAJHX59_UMI_S239_L008_R1_001.fastq.gz,FALSE,,,
FC442_n28_dt,FC442,FR15,adult,f,LW,LWf,thorax,82,96,high,FR_hi_LWf_t,4,E,11,E11,115.6,2.2,DAJHX59,DAJHX59_UMI_S54,200701,200701/DAJHX59_UMI_S54_L001_R1_001.fastq.gz,FALSE,,,
FC405_n09_te,FC405,PK15,adult,m,LW,LWm,gonad,16,32,high,PK_hi_LWm_g,4,A,6,A6,362.2,2.28,DAJHX6,DAJHX6_UMI_S191,200611,200611/DAJHX6_UMI_S191_L008_R1_001.fastq.gz,TRUE,,,
FC405_n09_te,FC405,PK15,adult,m,LW,LWm,gonad,16,32,high,PK_hi_LWm_g,4,A,6,A6,362.2,2.28,DAJHX6,DAJHX6_UMI_S6,200701,200701/DAJHX6_UMI_S6_L001_R1_001.fastq.gz,TRUE,,,
FC442_n28_ov,FC442,FR15,adult,f,LW,LWf,gonad,82,96,high,FR_hi_LWf_g,4,E,12,E12,41,2.14,DAJHX60,DAJHX60_UMI_S240,200611,200611/DAJHX60_UMI_S240_L008_R1_001.fastq.gz,FALSE,,,
FC442_n28_ov,FC442,FR15,adult,f,LW,LWf,gonad,82,96,high,FR_hi_LWf_g,4,E,12,E12,41,2.14,DAJHX60,DAJHX60_UMI_S55,200701,200701/DAJHX60_UMI_S55_L001_R1_001.fastq.gz,FALSE,,,
FC443_n10_dt,FC443,AC15,adult,f,LW,LWf,thorax,16,20,high,AC_hi_LWf_t,4,F,1,F1,203.6,2.16,DAJHX61,DAJHX61_UMI_S241,200611,200611/DAJHX61_UMI_S241_L008_R1_001.fastq.gz,FALSE,,,
FC443_n10_dt,FC443,AC15,adult,f,LW,LWf,thorax,16,20,high,AC_hi_LWf_t,4,F,1,F1,203.6,2.16,DAJHX61,DAJHX61_UMI_S56,200701,200701/DAJHX61_UMI_S56_L001_R1_001.fastq.gz,FALSE,,,
FC443_n10_te,FC443,AC15,adult,m,LW,LWm,gonad,16,20,high,AC_hi_LWm_g,4,F,2,F2,83,2.23,DAJHX62,DAJHX62_UMI_S242,200611,200611/DAJHX62_UMI_S242_L008_R1_001.fastq.gz,FALSE,wing length and shape are both borderline,,
FC443_n10_te,FC443,AC15,adult,m,LW,LWm,gonad,16,20,high,AC_hi_LWm_g,4,F,2,F2,83,2.23,DAJHX62,DAJHX62_UMI_S57,200701,200701/DAJHX62_UMI_S57_L001_R1_001.fastq.gz,FALSE,wing length and shape are both borderline,,
FC445_n21_dt,FC445,AC15,adult,f,LW,LWf,thorax,51,60,high,AC_hi_LWf_t,4,F,3,F3,729.2,2.21,DAJHX63,DAJHX63_UMI_S243,200611,200611/DAJHX63_UMI_S243_L008_R1_001.fastq.gz,FALSE,,,
FC445_n21_dt,FC445,AC15,adult,f,LW,LWf,thorax,51,60,high,AC_hi_LWf_t,4,F,3,F3,729.2,2.21,DAJHX63,DAJHX63_UMI_S58,200701,200701/DAJHX63_UMI_S58_L001_R1_001.fastq.gz,FALSE,,,
FC445_n21_ov,FC445,AC15,adult,f,LW,LWf,gonad,51,60,high,AC_hi_LWf_g,4,F,4,F4,553.2,2.19,DAJHX64,DAJHX64_UMI_S244,200611,200611/DAJHX64_UMI_S244_L008_R1_001.fastq.gz,FALSE,,,
FC445_n21_ov,FC445,AC15,adult,f,LW,LWf,gonad,51,60,high,AC_hi_LWf_g,4,F,4,F4,553.2,2.19,DAJHX64,DAJHX64_UMI_S59,200701,200701/DAJHX64_UMI_S59_L001_R1_001.fastq.gz,FALSE,,,
FC450_n01_dt,FC450,KL15,L5,f,NA,NA,thorax,22,10,low,KL_lo_l5f_t,4,F,5,F5,793.9,2.17,DAJHX65,DAJHX65_UMI_S245,200611,200611/DAJHX65_UMI_S245_L008_R1_001.fastq.gz,FALSE,,,
FC450_n01_dt,FC450,KL15,L5,f,NA,NA,thorax,22,10,low,KL_lo_l5f_t,4,F,5,F5,793.9,2.17,DAJHX65,DAJHX65_UMI_S60,200701,200701/DAJHX65_UMI_S60_L001_R1_001.fastq.gz,FALSE,,,
FC450_n01_ab,FC450,KL15,L5,f,NA,NA,abdomen,22,10,low,KL_lo_l5f_a,4,F,6,F6,372.7,21.4,DAJHX66,DAJHX66_UMI_S246,200611,200611/DAJHX66_UMI_S246_L008_R1_001.fastq.gz,FALSE,,,
FC450_n01_ab,FC450,KL15,L5,f,NA,NA,abdomen,22,10,low,KL_lo_l5f_a,4,F,6,F6,372.7,21.4,DAJHX66,DAJHX66_UMI_S61,200701,200701/DAJHX66_UMI_S61_L001_R1_001.fastq.gz,FALSE,,,
FC451_n12_dt,FC451,AC15,adult,m,LW,LWm,thorax,29,15,low,AC_lo_LWm_t,4,F,7,F7,634.9,2.21,DAJHX67,DAJHX67_UMI_S247,200611,200611/DAJHX67_UMI_S247_L008_R1_001.fastq.gz,FALSE,LW shape but short wing length,,
FC451_n12_dt,FC451,AC15,adult,m,LW,LWm,thorax,29,15,low,AC_lo_LWm_t,4,F,7,F7,634.9,2.21,DAJHX67,DAJHX67_UMI_S62,200701,200701/DAJHX67_UMI_S62_L001_R1_001.fastq.gz,FALSE,LW shape but short wing length,,
FC451_n12_te,FC451,AC15,adult,m,LW,LWm,gonad,29,15,low,AC_lo_LWm_g,4,F,8,F8,454.6,2.14,DAJHX68,DAJHX68_UMI_S248,200611,200611/DAJHX68_UMI_S248_L008_R1_001.fastq.gz,FALSE,,,
FC451_n12_te,FC451,AC15,adult,m,LW,LWm,gonad,29,15,low,AC_lo_LWm_g,4,F,8,F8,454.6,2.14,DAJHX68,DAJHX68_UMI_S63,200701,200701/DAJHX68_UMI_S63_L001_R1_001.fastq.gz,FALSE,,,
FC451_n14_dt,FC451,AC15,adult,m,LW,LWm,thorax,29,15,low,AC_lo_LWm_t,4,F,9,F9,343.4,2.19,DAJHX69,DAJHX69_UMI_S249,200611,200611/DAJHX69_UMI_S249_L008_R1_001.fastq.gz,FALSE,,,
FC451_n14_dt,FC451,AC15,adult,m,LW,LWm,thorax,29,15,low,AC_lo_LWm_t,4,F,9,F9,343.4,2.19,DAJHX69,DAJHX69_UMI_S64,200701,200701/DAJHX69_UMI_S64_L001_R1_001.fastq.gz,FALSE,,,
FC406_n01_dt,FC406,PK15,L5,f,NA,NA,thorax,25,40,high,PK_hi_l5f_t,4,A,7,A7,241.5,2.38,DAJHX7,DAJHX7_UMI_S192,200611,200611/DAJHX7_UMI_S192_L008_R1_001.fastq.gz,FALSE,,,
FC406_n01_dt,FC406,PK15,L5,f,NA,NA,thorax,25,40,high,PK_hi_l5f_t,4,A,7,A7,241.5,2.38,DAJHX7,DAJHX7_UMI_S7,200701,200701/DAJHX7_UMI_S7_L001_R1_001.fastq.gz,FALSE,,,
FC451_n14_te,FC451,AC15,adult,m,LW,LWm,gonad,29,15,low,AC_lo_LWm_g,4,F,10,F10,405.3,2.18,DAJHX70,DAJHX70_UMI_S250,200611,200611/DAJHX70_UMI_S250_L008_R1_001.fastq.gz,TRUE,,,
FC451_n14_te,FC451,AC15,adult,m,LW,LWm,gonad,29,15,low,AC_lo_LWm_g,4,F,10,F10,405.3,2.18,DAJHX70,DAJHX70_UMI_S65,200701,200701/DAJHX70_UMI_S65_L001_R1_001.fastq.gz,TRUE,,,
FC453_n15_dt,FC453,AC15,adult,f,LW,LWf,thorax,45,60,high,AC_hi_LWf_t,4,F,11,F11,245.6,2.17,DAJHX71,DAJHX71_UMI_S251,200611,200611/DAJHX71_UMI_S251_L008_R1_001.fastq.gz,FALSE,,,
FC453_n15_dt,FC453,AC15,adult,f,LW,LWf,thorax,45,60,high,AC_hi_LWf_t,4,F,11,F11,245.6,2.17,DAJHX71,DAJHX71_UMI_S66,200701,200701/DAJHX71_UMI_S66_L001_R1_001.fastq.gz,FALSE,,,
FC453_n15_ov,FC453,AC15,adult,f,LW,LWf,gonad,45,60,high,AC_hi_LWf_g,4,F,12,F12,113,2.2,DAJHX72,DAJHX72_UMI_S252,200611,200611/DAJHX72_UMI_S252_L008_R1_001.fastq.gz,FALSE,,,
FC453_n15_ov,FC453,AC15,adult,f,LW,LWf,gonad,45,60,high,AC_hi_LWf_g,4,F,12,F12,113,2.2,DAJHX72,DAJHX72_UMI_S67,200701,200701/DAJHX72_UMI_S67_L001_R1_001.fastq.gz,FALSE,,,
FC454_n01_dt,FC454,FR15,L5,f,NA,NA,thorax,66,33,low,FR_lo_l5f_t,4,G,1,G1,51.9,2.2,DAJHX73,DAJHX73_UMI_S253,200611,200611/DAJHX73_UMI_S253_L008_R1_001.fastq.gz,FALSE,,,
FC454_n01_dt,FC454,FR15,L5,f,NA,NA,thorax,66,33,low,FR_lo_l5f_t,4,G,1,G1,51.9,2.2,DAJHX73,DAJHX73_UMI_S68,200701,200701/DAJHX73_UMI_S68_L001_R1_001.fastq.gz,FALSE,,,
FC454_n01_ab,FC454,FR15,L5,f,NA,NA,abdomen,66,33,low,FR_lo_l5f_a,4,G,2,G2,141.6,2.17,DAJHX74,DAJHX74_UMI_S254,200611,200611/DAJHX74_UMI_S254_L008_R1_001.fastq.gz,FALSE,,,
FC454_n01_ab,FC454,FR15,L5,f,NA,NA,abdomen,66,33,low,FR_lo_l5f_a,4,G,2,G2,141.6,2.17,DAJHX74,DAJHX74_UMI_S69,200701,200701/DAJHX74_UMI_S69_L001_R1_001.fastq.gz,FALSE,,,
FC454_n02_dt,FC454,FR15,L5,f,NA,NA,thorax,66,33,low,FR_lo_l5f_t,4,G,3,G3,170.2,2.16,DAJHX75,DAJHX75_UMI_S255,200611,200611/DAJHX75_UMI_S255_L008_R1_001.fastq.gz,FALSE,,,
FC454_n02_dt,FC454,FR15,L5,f,NA,NA,thorax,66,33,low,FR_lo_l5f_t,4,G,3,G3,170.2,2.16,DAJHX75,DAJHX75_UMI_S70,200701,200701/DAJHX75_UMI_S70_L001_R1_001.fastq.gz,FALSE,,,
FC454_n02_ab,FC454,FR15,L5,f,NA,NA,abdomen,66,33,low,FR_lo_l5f_a,4,G,4,G4,60.1,2.25,DAJHX76,DAJHX76_UMI_S256,200611,200611/DAJHX76_UMI_S256_L008_R1_001.fastq.gz,FALSE,,,
FC454_n02_ab,FC454,FR15,L5,f,NA,NA,abdomen,66,33,low,FR_lo_l5f_a,4,G,4,G4,60.1,2.25,DAJHX76,DAJHX76_UMI_S71,200701,200701/DAJHX76_UMI_S71_L001_R1_001.fastq.gz,FALSE,,,
FC454_n03_dt,FC454,FR15,L5,m,NA,NA,thorax,66,33,low,FR_lo_l5m_t,4,G,5,G5,411.3,2.19,DAJHX77,DAJHX77_UMI_S257,200611,200611/DAJHX77_UMI_S257_L008_R1_001.fastq.gz,FALSE,,,
FC454_n03_dt,FC454,FR15,L5,m,NA,NA,thorax,66,33,low,FR_lo_l5m_t,4,G,5,G5,411.3,2.19,DAJHX77,DAJHX77_UMI_S72,200701,200701/DAJHX77_UMI_S72_L001_R1_001.fastq.gz,FALSE,,,
FC454_n03_ab,FC454,FR15,L5,m,NA,NA,abdomen,66,33,low,FR_lo_l5m_a,4,G,6,G6,271.7,2.17,DAJHX78,DAJHX78_UMI_S258,200611,200611/DAJHX78_UMI_S258_L008_R1_001.fastq.gz,FALSE,,,
FC454_n03_ab,FC454,FR15,L5,m,NA,NA,abdomen,66,33,low,FR_lo_l5m_a,4,G,6,G6,271.7,2.17,DAJHX78,DAJHX78_UMI_S73,200701,200701/DAJHX78_UMI_S73_L001_R1_001.fastq.gz,FALSE,,,
FC454_n04_dt,FC454,FR15,L5,m,NA,NA,thorax,66,33,low,FR_lo_l5m_t,4,G,7,G7,567.8,2.17,DAJHX79,DAJHX79_UMI_S259,200611,200611/DAJHX79_UMI_S259_L008_R1_001.fastq.gz,FALSE,,,
FC454_n04_dt,FC454,FR15,L5,m,NA,NA,thorax,66,33,low,FR_lo_l5m_t,4,G,7,G7,567.8,2.17,DAJHX79,DAJHX79_UMI_S74,200701,200701/DAJHX79_UMI_S74_L001_R1_001.fastq.gz,FALSE,,,
FC406_n01_ab,FC406,PK15,L5,f,NA,NA,abdomen,25,40,high,PK_hi_l5f_a,4,A,8,A8,159.8,2.07,DAJHX8,DAJHX8_UMI_S193,200611,200611/DAJHX8_UMI_S193_L008_R1_001.fastq.gz,FALSE,,,
FC406_n01_ab,FC406,PK15,L5,f,NA,NA,abdomen,25,40,high,PK_hi_l5f_a,4,A,8,A8,159.8,2.07,DAJHX8,DAJHX8_UMI_S8,200701,200701/DAJHX8_UMI_S8_L001_R1_001.fastq.gz,FALSE,,,
FC454_n04_ab,FC454,FR15,L5,m,NA,NA,abdomen,66,33,low,FR_lo_l5m_a,4,G,8,G8,139.8,2.18,DAJHX80,DAJHX80_UMI_S260,200611,200611/DAJHX80_UMI_S260_L008_R1_001.fastq.gz,FALSE,,,
FC454_n04_ab,FC454,FR15,L5,m,NA,NA,abdomen,66,33,low,FR_lo_l5m_a,4,G,8,G8,139.8,2.18,DAJHX80,DAJHX80_UMI_S75,200701,200701/DAJHX80_UMI_S75_L001_R1_001.fastq.gz,FALSE,,,
FC456_n01_dt,FC456,AC15,L5,m,NA,NA,thorax,57,30,low,AC_lo_l5m_t,4,G,9,G9,143.8,2.2,DAJHX81,DAJHX81_UMI_S261,200611,200611/DAJHX81_UMI_S261_L008_R1_001.fastq.gz,FALSE,,,
FC456_n01_dt,FC456,AC15,L5,m,NA,NA,thorax,57,30,low,AC_lo_l5m_t,4,G,9,G9,143.8,2.2,DAJHX81,DAJHX81_UMI_S76,200701,200701/DAJHX81_UMI_S76_L001_R1_001.fastq.gz,FALSE,,,
FC456_n01_ab,FC456,AC15,L5,m,NA,NA,abdomen,57,30,low,AC_lo_l5m_a,4,G,10,G10,678.6,2.28,DAJHX82,DAJHX82_UMI_S262,200611,200611/DAJHX82_UMI_S262_L008_R1_001.fastq.gz,FALSE,,,
FC456_n01_ab,FC456,AC15,L5,m,NA,NA,abdomen,57,30,low,AC_lo_l5m_a,4,G,10,G10,678.6,2.28,DAJHX82,DAJHX82_UMI_S77,200701,200701/DAJHX82_UMI_S77_L001_R1_001.fastq.gz,FALSE,,,
FC460_n01_dt,FC460,PK15,adult,m,LW,LWm,thorax,17,32,high,PK_hi_LWm_t,4,G,11,G11,1097.8,2.19,DAJHX83,DAJHX83_UMI_S263,200611,200611/DAJHX83_UMI_S263_L008_R1_001.fastq.gz,FALSE,,,
FC460_n01_dt,FC460,PK15,adult,m,LW,LWm,thorax,17,32,high,PK_hi_LWm_t,4,G,11,G11,1097.8,2.19,DAJHX83,DAJHX83_UMI_S78,200701,200701/DAJHX83_UMI_S78_L001_R1_001.fastq.gz,FALSE,,,
FC460_n01_te,FC460,PK15,adult,m,LW,LWm,gonad,17,32,high,PK_hi_LWm_g,4,G,12,G12,NA,NA,DAJHX84,DAJHX84_UMI_S264,200611,200611/DAJHX84_UMI_S264_L008_R1_001.fastq.gz,TRUE,,,
FC460_n01_te,FC460,PK15,adult,m,LW,LWm,gonad,17,32,high,PK_hi_LWm_g,4,G,12,G12,NA,NA,DAJHX84,DAJHX84_UMI_S79,200701,200701/DAJHX84_UMI_S79_L001_R1_001.fastq.gz,TRUE,,,
FC473_n11_dt,FC473,AC15,adult,f,LW,LWf,thorax,34,10,low,AC_lo_LWf_t,4,H,1,H1,209.3,2.17,DAJHX85,DAJHX85_UMI_S265,200611,200611/DAJHX85_UMI_S265_L008_R1_001.fastq.gz,TRUE,,,
FC473_n11_dt,FC473,AC15,adult,f,LW,LWf,thorax,34,10,low,AC_lo_LWf_t,4,H,1,H1,209.3,2.17,DAJHX85,DAJHX85_UMI_S80,200701,200701/DAJHX85_UMI_S80_L001_R1_001.fastq.gz,TRUE,,,
FC477_n20_dt,FC477,AC15,adult,f,LW,LWf,thorax,45,20,low,AC_lo_LWf_t,4,H,3,H3,59.7,2.18,DAJHX87,DAJHX87_UMI_S266,200611,200611/DAJHX87_UMI_S266_L008_R1_001.fastq.gz,FALSE,,,
FC477_n20_dt,FC477,AC15,adult,f,LW,LWf,thorax,45,20,low,AC_lo_LWf_t,4,H,3,H3,59.7,2.18,DAJHX87,DAJHX87_UMI_S81,200701,200701/DAJHX87_UMI_S81_L001_R1_001.fastq.gz,FALSE,,,
FC477_n20_ov,FC477,AC15,adult,f,LW,LWf,gonad,45,20,low,AC_lo_LWf_g,4,H,4,H4,596.5,2.19,DAJHX88,DAJHX88_UMI_S267,200611,200611/DAJHX88_UMI_S267_L008_R1_001.fastq.gz,TRUE,,,
FC477_n20_ov,FC477,AC15,adult,f,LW,LWf,gonad,45,20,low,AC_lo_LWf_g,4,H,4,H4,596.5,2.19,DAJHX88,DAJHX88_UMI_S82,200701,200701/DAJHX88_UMI_S82_L001_R1_001.fastq.gz,TRUE,,,
FC478_n21_dt,FC478,AC15,adult,m,LW,LWm,thorax,45,18,low,AC_lo_LWm_t,4,H,5,H5,78.7,3.5,DAJHX89,DAJHX89_UMI_S268,200611,200611/DAJHX89_UMI_S268_L008_R1_001.fastq.gz,FALSE,,,
FC478_n21_dt,FC478,AC15,adult,m,LW,LWm,thorax,45,18,low,AC_lo_LWm_t,4,H,5,H5,78.7,3.5,DAJHX89,DAJHX89_UMI_S83,200701,200701/DAJHX89_UMI_S83_L001_R1_001.fastq.gz,FALSE,,,
FC406_n04_dt,FC406,PK15,adult,f,SW,SWf,thorax,25,40,high,PK_hi_SWf_t,4,A,9,A9,130.7,2.15,DAJHX9,DAJHX9_UMI_S194,200611,200611/DAJHX9_UMI_S194_L008_R1_001.fastq.gz,FALSE,,,
FC406_n04_dt,FC406,PK15,adult,f,SW,SWf,thorax,25,40,high,PK_hi_SWf_t,4,A,9,A9,130.7,2.15,DAJHX9,DAJHX9_UMI_S9,200701,200701/DAJHX9_UMI_S9_L001_R1_001.fastq.gz,FALSE,,,
FC478_n21_te,FC478,AC15,adult,m,LW,LWm,gonad,45,18,low,AC_lo_LWm_g,4,H,6,H6,191.7,2.18,DAJHX90,DAJHX90_UMI_S269,200611,200611/DAJHX90_UMI_S269_L008_R1_001.fastq.gz,TRUE,,,
FC478_n21_te,FC478,AC15,adult,m,LW,LWm,gonad,45,18,low,AC_lo_LWm_g,4,H,6,H6,191.7,2.18,DAJHX90,DAJHX90_UMI_S84,200701,200701/DAJHX90_UMI_S84_L001_R1_001.fastq.gz,TRUE,,,
FC377_n12_dt,FC377,AC15,adult,m,SW,SWm,thorax,20,20,low,AC_lo_SWm_t,2,E,1,E1,367.3,2.16,S51,E1_S51,180824,180824/E1_S51_L002_R1_001.fastq.gz,,,,
FC381_n02_ab,FC381,KL15,L5,f,NA,NA,abdomen,16,4,low,KL_lo_l5f_a,2,E,9,E9,304,2.25,S123,E10_S123,180824,180824/E10_S123_L002_R1_001.fastq.gz,,,,
FC381_n04_dt,FC381,KL15,L5,m,NA,NA,thorax,16,4,low,KL_lo_l5m_t,2,E,12,E12,273.2,2.2,S131,E11_S131,180824,180824/E11_S131_L002_R1_001.fastq.gz,,,,
FC381_n04_ab,FC381,KL15,L5,m,NA,NA,abdomen,16,4,low,KL_lo_l5m_a,2,E,11,E11,304,2.25,S139,E12_S139,180824,180824/E12_S139_L002_R1_001.fastq.gz,,,,
FC377_n12_te,FC377,AC15,adult,m,SW,SWm,gonad,20,20,low,AC_lo_SWm_g,2,E,2,E2,148.7,2.24,S59,E2_S59,180824,180824/E2_S59_L002_R1_001.fastq.gz,,,,
FC378_n02_dt,FC378,AC15,adult,f,SW,SWf,thorax,20,40,high,AC_hi_SWf_t,2,E,3,E3,353.4,2.17,S67,E3_S67,180824,180824/E3_S67_L002_R1_001.fastq.gz,,,,
FC378_n02_ov,FC378,AC15,adult,f,SW,SWf,gonad,20,40,high,AC_hi_SWf_g,2,E,4,E4,144.8,2.2,S75,E4_S75,180824,180824/E4_S75_L002_R1_001.fastq.gz,,,,
FC378_n04_dt,FC378,AC15,adult,f,SW,SWf,thorax,20,40,high,AC_hi_SWf_t,2,E,5,E5,571.9,2.21,S83,E5_S83,180824,180824/E5_S83_L002_R1_001.fastq.gz,,,,
FC378_n04_ov,FC378,AC15,adult,f,SW,SWf,gonad,20,40,high,AC_hi_SWf_g,2,E,6,E6,224,2.19,S91,E6_S91,180824,180824/E6_S91_L002_R1_001.fastq.gz,,,,
FC381_n01_dt,FC381,KL15,L5,f,NA,NA,thorax,16,4,low,KL_lo_l5f_t,2,E,7,E7,334.1,2.19,S99,E7_S99,180824,180824/E7_S99_L002_R1_001.fastq.gz,,,,
FC381_n01_ab,FC381,KL15,L5,f,NA,NA,abdomen,16,4,low,KL_lo_l5f_a,2,E,8,E8,1059.2,2.21,S107,E8_S107,180824,180824/E8_S107_L002_R1_001.fastq.gz,,,,
FC381_n02_dt,FC381,KL15,L5,f,NA,NA,thorax,16,4,low,KL_lo_l5f_t,2,E,10,E10,744,2.17,S115,E9_S115,180824,180824/E9_S115_L002_R1_001.fastq.gz,,,,
FC381_n05_dt,FC381,KL15,L5,m,NA,NA,thorax,16,4,low,KL_lo_l5m_t,2,E,12,E12,288.6,2.18,S52,F1_S52,180824,180824/F1_S52_L002_R1_001.fastq.gz,,coded male but sex indeterminant - check expression,,
FC386_n05_ab,FC386,AC15,L5,m,NA,NA,abdomen,16,12,low,AC_lo_l5m_a,2,F,9,F9,72.8,2.19,S124,F10_S124,180824,180824/F10_S124_L002_R1_001.fastq.gz,,coded male but sex indeterminant - check expression,,
FC387_n03_dt,FC387,AC15,L5,m,NA,NA,thorax,20,16,low,AC_lo_l5m_t,2,F,10,F10,249.3,2.15,S132,F11_S132,180824,180824/F11_S132_L002_R1_001.fastq.gz,,,,
FC387_n03_ab,FC387,AC15,L5,m,NA,NA,abdomen,20,16,low,AC_lo_l5m_a,2,F,11,F11,643.3,2.2,S140,F12_S140,180824,180824/F12_S140_L002_R1_001.fastq.gz,,,,
FC381_n05_ab,FC381,KL15,L5,m,NA,NA,abdomen,16,4,low,KL_lo_l5m_a,2,F,1,F1,344.4,2.24,S60,F2_S60,180824,180824/F2_S60_L002_R1_001.fastq.gz,,,,
FC386_n01_dt,FC386,AC15,L5,f,NA,NA,thorax,16,12,low,AC_lo_l5f_t,2,F,2,F2,422,2.17,S68,F3_S68,180824,180824/F3_S68_L002_R1_001.fastq.gz,,,,
FC386_n01_ab,FC386,AC15,L5,f,NA,NA,abdomen,16,12,low,AC_lo_l5f_a,2,F,3,F3,641.1,2.21,S76,F4_S76,180824,180824/F4_S76_L002_R1_001.fastq.gz,,,,
FC386_n02_dt,FC386,AC15,L5,m,NA,NA,thorax,16,12,low,AC_lo_l5m_t,2,F,4,F4,308.9,2.17,S84,F5_S84,180824,180824/F5_S84_L002_R1_001.fastq.gz,,,,
FC386_n02_ab,FC386,AC15,L5,m,NA,NA,abdomen,16,12,low,AC_lo_l5m_a,2,F,5,F5,430.9,2.17,S92,F6_S92,180824,180824/F6_S92_L002_R1_001.fastq.gz,,,,
FC386_n04_dt,FC386,AC15,L5,f,NA,NA,thorax,16,12,low,AC_lo_l5f_t,2,F,6,F6,406.4,2.18,S100,F7_S100,180824,180824/F7_S100_L002_R1_001.fastq.gz,,,,
FC386_n04_ab,FC386,AC15,L5,f,NA,NA,abdomen,16,12,low,AC_lo_l5f_a,2,F,7,F7,875.8,2.2,S108,F8_S108,180824,180824/F8_S108_L002_R1_001.fastq.gz,,,,
FC386_n05_dt,FC386,AC15,L5,m,NA,NA,thorax,16,12,low,AC_lo_l5m_t,2,F,8,F8,232.4,2.18,S116,F9_S116,180824,180824/F9_S116_L002_R1_001.fastq.gz,,,,
FC350_n04_dt,FC350,KL15,adult,f,SW,SWf,thorax,30,15,low,KL_lo_SWf_t,3,D,5,D5,60.07,2.15,FC350_04_dt_UMI_S36,FC350_04_dt_UMI_S36,190917,190917/FC350_04_dt_UMI_S36_L001_R1_001.fastq.gz,,,,
FC350_n04_ov,FC350,KL15,adult,f,SW,SWf,gonad,30,15,low,KL_lo_SWf_g,3,D,6,D6,16.2,1.7,FC350_04_ov_UMI_S44,FC350_04_ov_UMI_S44,190917,190917/FC350_04_ov_UMI_S44_L001_R1_001.fastq.gz,,,,
FC355_n06_dt,FC355,AC15,adult,f,SW,SWf,thorax,14,7,low,AC_lo_SWf_t,3,D,7,D7,179.8,2.13,FC355_06_dt_UMI_S52,FC355_06_dt,190917,190917/FC355_06_dt_L001_R1_001.fastq.gz,,dt and ov libraries were both coded as FC355_06_dt_UMI_S52 and so manually demuxed,,
FC355_n06_ov,FC355,AC15,adult,f,SW,SWf,gonad,14,7,low,AC_lo_SWf_g,3,D,8,D8,42,2.04,FC355_06_dt_UMI_S52,FC355_06_ov,190917,190917/FC355_06_ov_L001_R1_001.fastq.gz,,dt and ov libraries were both coded as FC355_06_dt_UMI_S52 and so manually demuxed,,
FC388_n01_ab,FC388,AC15,L5,m,NA,NA,abdomen,10,15,high,AC_hi_l5m_a,3,D,4,D4,654.8,2.22,FC388_01_ab_UMI_S28,FC388_01_ab_UMI_S28,190917,190917/FC388_01_ab_UMI_S28_L001_R1_001.fastq.gz,,,,
FC388_n01_dt,FC388,AC15,L5,m,NA,NA,thorax,10,15,high,AC_hi_l5m_t,3,D,3,D3,551.5,2.21,FC388_01_dt_UMI_S20,FC388_01_dt_UMI_S20,190917,190917/FC388_01_dt_UMI_S20_L001_R1_001.fastq.gz,,,,
FC388_n07_dt,FC388,AC15,adult,m,SW,SWm,thorax,10,15,high,AC_hi_SWm_t,3,D,9,D9,339.3,2.18,FC388_07_dt_UMI_S67,FC388_07_dt_UMI_S67,190917,190917/FC388_07_dt_UMI_S67_L001_R1_001.fastq.gz,,,,
FC388_n07_te,FC388,AC15,adult,m,SW,SWm,gonad,10,15,high,AC_hi_SWm_g,3,D,10,D10,33,2.29,FC388_07_te_UMI_S75,FC388_07_te_UMI_S75,190917,190917/FC388_07_te_UMI_S75_L001_R1_001.fastq.gz,,,,
FC389_n01_ab,FC389,FR14,L5,m,NA,NA,abdomen,32,24,low,FR_lo_l5m_a,3,D,2,D2,904.2,2.2,FC389_01_ab_UMI_S4,FC389_01_ab_UMI_S4,190917,190917/FC389_01_ab_UMI_S4_L001_R1_001.fastq.gz,,,,
FC389_n01_dt,FC389,FR14,L5,m,NA,NA,thorax,32,24,low,FR_lo_l5m_t,3,D,1,D1,288.7,2.18,FC389_01_dt_UMI_S12,FC389_01_dt_UMI_S12,190917,190917/FC389_01_dt_UMI_S12_L001_R1_001.fastq.gz,,,,
FC389_n02_ab,FC389,FR14,L5,f,NA,NA,abdomen,32,24,low,FR_lo_l5f_a,3,C,12,C12,626.7,2.24,FC389_02_ab_UMI_S89,FC389_02_ab_UMI_S89,190917,190917/FC389_02_ab_UMI_S89_L001_R1_001.fastq.gz,,,,
FC389_n02_dt,FC389,FR14,L5,f,NA,NA,thorax,32,24,low,FR_lo_l5f_t,3,C,11,C11,740.2,2.19,FC389_02_dt_UMI_S81,FC389_02_dt_UMI_S81,190917,190917/FC389_02_dt_UMI_S81_L001_R1_001.fastq.gz,,,,
FC389_n03_dt,FC389,FR14,adult,m,LW,LWm,thorax,32,24,low,FR_lo_LWm_t,3,D,11,D11,452.1,2.15,FC389_03_dt_UMI_S83,FC389_03_dt_UMI_S83,190917,190917/FC389_03_dt_UMI_S83_L001_R1_001.fastq.gz,,,,
FC389_n03_te,FC389,FR14,adult,m,LW,LWm,gonad,32,24,low,FR_lo_LWm_g,3,D,12,D12,90,2.17,FC389_03_te_UMI_S91,FC389_03_te_UMI_S91,190917,190917/FC389_03_te_UMI_S91_L001_R1_001.fastq.gz,,,,
FC389_n14_dt,FC389,FR14,adult,f,LW,LWf,thorax,32,24,low,FR_lo_LWf_t,3,E,1,E1,384.2,2.16,FC389_14_dt_UMI_S6,FC389_14_dt_UMI_S6,190917,190917/FC389_14_dt_UMI_S6_L001_R1_001.fastq.gz,,,,
FC389_n14_te,FC389,FR14,adult,f,LW,LWf,gonad,32,24,low,FR_lo_LWf_g,3,E,2,E2,74.7,2.14,FC389_14_ov_UMI_S13,FC389_14_ov_UMI_S13,190917,190917/FC389_14_ov_UMI_S13_L001_R1_001.fastq.gz,,sample name says te but this bug was female,,
FC389_n20_dt,FC389,FR14,adult,m,LW,LWm,thorax,32,24,low,FR_lo_LWm_t,3,E,3,E3,383.9,2.15,FC389_20_dt_UMI_S21,FC389_20_dt_UMI_S21,190917,190917/FC389_20_dt_UMI_S21_L001_R1_001.fastq.gz,,,,
FC389_n20_te,FC389,FR14,adult,m,LW,LWm,gonad,32,24,low,FR_lo_LWm_g,3,E,4,E4,106.2,2.19,FC389_20_te_UMI_S29,FC389_20_te_UMI_S29,190917,190917/FC389_20_te_UMI_S29_L001_R1_001.fastq.gz,,,,
FC390_n02_ab,FC390,FR14,L5,m,NA,NA,abdomen,32,24,low,FR_lo_l5m_a,3,C,10,C10,783.4,2.19,FC390_02_ab_UMI_S73,FC390_02_ab_UMI_S73,190917,190917/FC390_02_ab_UMI_S73_L001_R1_001.fastq.gz,,,,
FC390_n02_dt,FC390,FR14,L5,m,NA,NA,thorax,32,24,low,FR_lo_l5m_t,3,C,9,C9,252.3,2.16,FC390_02_dt_UMI_S65,FC390_02_dt_UMI_S65,190917,190917/FC390_02_dt_UMI_S65_L001_R1_001.fastq.gz,,,,
FC390_n03_dt,FC390,FR14,adult,m,SW,SWm,thorax,32,24,low,FR_lo_SWm_t,3,E,5,E5,455,2.15,FC390_03_dt_UMI_S37,FC390_03_dt_UMI_S37,190917,190917/FC390_03_dt_UMI_S37_L001_R1_001.fastq.gz,,,,
FC390_n03_te,FC390,FR14,adult,m,SW,SWm,gonad,32,24,low,FR_lo_SWm_g,3,E,6,E6,107.8,2.22,FC390_03_te_UMI_S45,FC390_03_te_UMI_S45,190917,190917/FC390_03_te_UMI_S45_L001_R1_001.fastq.gz,,,,
FC390_n04_dt,FC390,FR14,adult,m,SW,SWm,thorax,32,24,low,FR_lo_SWm_t,3,E,7,E7,335.5,2.17,FC390_04_dt_UMI_S53,FC390_04_dt_UMI_S53,190917,190917/FC390_04_dt_UMI_S53_L001_R1_001.fastq.gz,,,,
FC390_n04_te,FC390,FR14,adult,m,SW,SWm,gonad,32,24,low,FR_lo_SWm_g,3,E,8,E8,116.7,2.19,FC390_04_te_UMI_S60,FC390_04_te_UMI_S60,190917,190917/FC390_04_te_UMI_S60_L001_R1_001.fastq.gz,,,,
FC390_n05_dt,FC390,FR14,adult,f,LW,LWf,thorax,32,24,low,FR_lo_LWf_t,3,E,9,E9,958.2,2.2,FC390_05_dt_UMI_S68,FC390_05_dt_UMI_S68,190917,190917/FC390_05_dt_UMI_S68_L001_R1_001.fastq.gz,,,,
FC390_n05_ov,FC390,FR14,adult,f,LW,LWf,gonad,32,24,low,FR_lo_LWf_g,3,E,10,E10,123.4,1.81,FC390_05_ov_UMI_S76,FC390_05_ov_UMI_S76,190917,190917/FC390_05_ov_UMI_S76_L001_R1_001.fastq.gz,,,,
FC390_n07_dt,FC390,FR14,adult,m,SW,SWm,thorax,32,24,low,FR_lo_SWm_t,3,E,11,E11,319.5,2.16,FC390_07_dt_UMI_S84,FC390_07_dt_UMI_S84,190917,190917/FC390_07_dt_UMI_S84_L001_R1_001.fastq.gz,,,,
FC390_n07_te,FC390,FR14,adult,m,SW,SWm,gonad,32,24,low,FR_lo_SWm_g,3,E,12,E12,61.4,1.91,FC390_07_te_UMI_S92,FC390_07_te_UMI_S92,190917,190917/FC390_07_te_UMI_S92_L001_R1_001.fastq.gz,,,,
FC391_n04_dt,FC391,FR14,adult,f,SW,SWf,thorax,26,14,low,FR_lo_SWf_t,3,F,1,F1,346.2,2.17,FC391_04_dt_UMI_S5,FC391_04_dt_UMI_S5,190917,190917/FC391_04_dt_UMI_S5_L001_R1_001.fastq.gz,,,,
FC391_n04_ov,FC391,FR14,adult,f,SW,SWf,gonad,26,14,low,FR_lo_SWf_g,3,F,2,F2,230.7,2.17,FC391_04_ov_UMI_S14,FC391_04_ov_UMI_S14,190917,190917/FC391_04_ov_UMI_S14_L001_R1_001.fastq.gz,,,,
FC396_n02_dt,FC396,FR15,adult,m,LW,LWm,thorax,24,34,high,FR_hi_LWm_t,3,F,3,F3,556.9,2.21,FC396_02_dt_UMI_S22,FC396_02_dt_UMI_S22,190917,190917/FC396_02_dt_UMI_S22_L001_R1_001.fastq.gz,,,,
FC396_n02_te,FC396,FR15,adult,m,LW,LWm,gonad,24,34,high,FR_hi_LWm_g,3,F,4,F4,104.3,2.19,FC396_02_te_UMI_S30,FC396_02_te_UMI_S30,190917,190917/FC396_02_te_UMI_S30_L001_R1_001.fastq.gz,,,,
FC396_n07_dt,FC396,FR15,adult,m,LW,LWm,thorax,24,34,high,FR_hi_LWm_t,3,F,5,F5,192,2.19,FC396_07_dt_UMI_S38,FC396_07_dt_UMI_S38,190917,190917/FC396_07_dt_UMI_S38_L001_R1_001.fastq.gz,,,,
FC396_n07_te,FC396,FR15,adult,m,LW,LWm,gonad,24,34,high,FR_hi_LWm_g,3,F,6,F6,24.4,2.34,FC396_07_te_UMI_S46,FC396_07_te_UMI_S46,190917,190917/FC396_07_te_UMI_S46_L001_R1_001.fastq.gz,,,,
FC397_n01_ab,FC397,FR15,L5,f,NA,NA,abdomen,16,26,high,FR_hi_l5f_a,3,C,8,C8,312.9,2.17,FC397_01_ab_UMI_S58,FC397_01_ab_UMI_S58,190917,190917/FC397_01_ab_UMI_S58_L001_R1_001.fastq.gz,,,,
FC397_n01_dt,FC397,FR15,L5,f,NA,NA,thorax,16,26,high,FR_hi_l5f_t,3,C,7,C7,569.1,2.22,FC397_01_dt_UMI_S50,FC397_01_dt_UMI_S50,190917,190917/FC397_01_dt_UMI_S50_L001_R1_001.fastq.gz,,,,
FC397_n02_ab,FC397,FR15,L5,m,NA,NA,abdomen,16,26,high,FR_hi_l5m_a,3,C,6,C6,421.6,2.09,FC397_02_ab_UMI_S42,FC397_02_ab_UMI_S42,190917,190917/FC397_02_ab_UMI_S42_L001_R1_001.fastq.gz,,,,
FC397_n02_dt,FC397,FR15,L5,m,NA,NA,thorax,16,26,high,FR_hi_l5m_t,3,C,5,C5,215,2.14,FC397_02_dt_UMI_S34,FC397_02_dt_UMI_S34,190917,190917/FC397_02_dt_UMI_S34_L001_R1_001.fastq.gz,,,,
FC398_n02_dt,FC398,KL15,adult,f,LW,LWf,thorax,20,10,low,KL_lo_LWf_t,3,F,7,F7,221.7,2.15,FC398_02_dt_UMI_S54,FC398_02_dt_UMI_S54,190917,190917/FC398_02_dt_UMI_S54_L001_R1_001.fastq.gz,,,,
FC398_n02_ov,FC398,KL15,adult,f,LW,LWf,gonad,20,10,low,KL_lo_LWf_g,3,F,8,F8,20.1,1.78,FC398_02_ov_UMI_S61,FC398_02_ov_UMI_S61,190917,190917/FC398_02_ov_UMI_S61_L001_R1_001.fastq.gz,,,,
FC398_n03_dt,FC398,KL15,adult,f,LW,LWf,thorax,20,10,low,KL_lo_LWf_t,3,F,9,F9,452.1,2.13,FC398_03_dt_UMI_S69,FC398_03_dt_UMI_S69,190917,190917/FC398_03_dt_UMI_S69_L001_R1_001.fastq.gz,,,,
FC398_n03_ov,FC398,KL15,adult,f,LW,LWf,gonad,20,10,low,KL_lo_LWf_g,3,F,10,F10,56.5,2.13,FC398_03_ov_UMI_S77,FC398_03_ov_UMI_S77,190917,190917/FC398_03_ov_UMI_S77_L001_R1_001.fastq.gz,,,,
FC399_n01_ab,FC399,KL15,L5,f,NA,NA,abdomen,14,14,low,KL_lo_l5f_a,3,C,4,C4,448.9,2.16,FC399_01_ab_UMI_S26,FC399_01_ab_UMI_S26,190917,190917/FC399_01_ab_UMI_S26_L001_R1_001.fastq.gz,,coded female but looks male - check expression,,
FC399_n01_dt,FC399,KL15,L5,f,NA,NA,thorax,14,14,low,KL_lo_l5f_t,3,C,3,C3,302.8,2.17,FC399_01_dt_UMI_S18,FC399_01_dt_UMI_S18,190917,190917/FC399_01_dt_UMI_S18_L001_R1_001.fastq.gz,,coded female but looks male - check expression,,
FC399_n02_ab,FC399,KL15,L5,f,NA,NA,abdomen,14,14,low,KL_lo_l5f_a,3,C,2,C2,581.1,2.14,FC399_02_ab_UMI_S11,FC399_02_ab_UMI_S11,190917,190917/FC399_02_ab_UMI_S11_L001_R1_001.fastq.gz,,Sex is ambigous in picture,,
FC399_n02_dt,FC399,KL15,L5,f,NA,NA,thorax,14,14,low,KL_lo_l5f_t,3,C,1,C1,462.6,2.1,FC399_02_dt_UMI_S3,FC399_02_dt_UMI_S3,190917,190917/FC399_02_dt_UMI_S3_L001_R1_001.fastq.gz,,Sex is ambigous in picture,,
FC399_n03_ab,FC399,KL15,L5,m,NA,NA,abdomen,14,14,low,KL_lo_l5m_a,3,B,12,B12,791.4,2.17,FC399_03_ab_UMI_S82,FC399_03_ab_UMI_S82,190917,190917/FC399_03_ab_UMI_S82_L001_R1_001.fastq.gz,,,,
FC399_n03_dt,FC399,KL15,L5,m,NA,NA,thorax,14,14,low,KL_lo_l5m_t,3,B,11,B11,581.1,2.14,FC399_03_dt_UMI_S90,FC399_03_dt_UMI_S90,190917,190917/FC399_03_dt_UMI_S90_L001_R1_001.fastq.gz,,,,
FC399_n04_ab,FC399,KL15,L5,m,NA,NA,abdomen,14,14,low,KL_lo_l5m_a,3,B,10,B10,404,2.14,FC399_04_ab_UMI_S74,FC399_04_ab_UMI_S74,190917,190917/FC399_04_ab_UMI_S74_L001_R1_001.fastq.gz,,,,
FC399_n04_dt,FC399,KL15,L5,m,NA,NA,thorax,14,14,low,KL_lo_l5m_t,3,B,9,B9,405,2.13,FC399_04_dt_UMI_S66,FC399_04_dt_UMI_S66,190917,190917/FC399_04_dt_UMI_S66_L001_R1_001.fastq.gz,,,,
FC399_n05_ab,FC399,KL15,L5,f,NA,NA,abdomen,14,14,low,KL_lo_l5f_a,3,B,8,B8,146.5,2.19,FC399_05_ab_UMI_S59,FC399_05_ab_UMI_S59,190917,190917/FC399_05_ab_UMI_S59_L001_R1_001.fastq.gz,,Sex is ambigous in picture,,
FC399_n05_dt,FC399,KL15,L5,f,NA,NA,thorax,14,14,low,KL_lo_l5f_t,3,B,7,B7,135.2,2.19,FC399_05_dt_UMI_S51,FC399_05_dt_UMI_S51,190917,190917/FC399_05_dt_UMI_S51_L001_R1_001.fastq.gz,,Sex is ambigous in picture,,
FC399_n15_dt,FC399,KL15,adult,f,LW,LWf,thorax,14,14,low,KL_lo_LWf_t,3,F,11,F11,822.7,2.21,FC399_15_dt_UMI_S85,FC399_15_dt_UMI_S85,190917,190917/FC399_15_dt_UMI_S85_L001_R1_001.fastq.gz,,LW shape but short wing length,,
FC399_n15_ov,FC399,KL15,adult,f,LW,LWf,gonad,14,14,low,KL_lo_LWf_g,3,F,12,F12,262.7,2.13,FC399_15_ov_UMI_S93,FC399_15_ov_UMI_S93,190917,190917/FC399_15_ov_UMI_S93_L001_R1_001.fastq.gz,,LW shape but short wing length,,
FC400_n03_dt,FC400,PK13,adult,f,LW,LWf,thorax,33,18,low,PK_lo_LWf_t,3,G,1,G1,152.2,2.15,FC400_03_dt_UMI_S7,FC400_03_dt_UMI_S7,190917,190917/FC400_03_dt_UMI_S7_L001_R1_001.fastq.gz,,,,
FC400_n03_ov,FC400,PK13,adult,f,LW,LWf,gonad,33,18,low,PK_lo_LWf_g,3,G,2,G2,36.4,1.88,FC400_03_ov_UMI_S15,FC400_03_ov_UMI_S15,190917,190917/FC400_03_ov_UMI_S15_L001_R1_001.fastq.gz,,,,
FC400_n05_dt,FC400,PK13,adult,m,SW,SWm,thorax,33,18,low,PK_lo_SWm_t,3,G,3,G3,30.8,2.03,FC400_05_dt_UMI_S23,FC400_05_dt_UMI_S23,190917,190917/FC400_05_dt_UMI_S23_L001_R1_001.fastq.gz,,,,
FC400_n05_te,FC400,PK13,adult,m,SW,SWm,gonad,33,18,low,PK_lo_SWm_g,3,G,4,G4,23.3,2.13,FC400_05_te_UMI_S31,FC400_05_te_UMI_S31,190917,190917/FC400_05_te_UMI_S31_L001_R1_001.fastq.gz,,,,
FC402_n01_ab,FC402,PK15,L5,f,NA,NA,abdomen,43,25,low,PK_lo_l5f_a,3,B,6,B6,682.9,2.23,FC402_01_ab_UMI_S43,FC402_01_ab_UMI_S43,190917,190917/FC402_01_ab_UMI_S43_L001_R1_001.fastq.gz,,,,
FC402_n01_dt,FC402,PK15,L5,f,NA,NA,thorax,43,25,low,PK_lo_l5f_t,3,B,5,B5,717.9,2.22,FC402_01_dt_UMI_S35,FC402_01_dt_UMI_S35,190917,190917/FC402_01_dt_UMI_S35_L001_R1_001.fastq.gz,,,,
FC402_n02_ab,FC402,PK15,L5,f,NA,NA,abdomen,43,25,low,PK_lo_l5f_a,3,B,4,B4,1125.1,2.16,FC402_02_ab_UMI_S27,FC402_02_ab_UMI_S27,190917,190917/FC402_02_ab_UMI_S27_L001_R1_001.fastq.gz,,,,
FC402_n02_dt,FC402,PK15,L5,f,NA,NA,thorax,43,25,low,PK_lo_l5f_t,3,B,3,B3,773.6,2.18,FC402_02_dt_UMI_S19,FC402_02_dt_UMI_S19,190917,190917/FC402_02_dt_UMI_S19_L001_R1_001.fastq.gz,,,,
FC402_n03_ab,FC402,PK15,L5,m,NA,NA,abdomen,43,25,low,PK_lo_l5m_a,3,B,2,B2,643.4,2.22,FC402_03_ab_UMI_S10,FC402_03_ab_UMI_S10,190917,190917/FC402_03_ab_UMI_S10_L001_R1_001.fastq.gz,,,,
FC402_n03_dt,FC402,PK15,L5,m,NA,NA,thorax,43,25,low,PK_lo_l5m_t,3,B,1,B1,672.7,2.18,FC402_03_dt_UMI_S2,FC402_03_dt_UMI_S2,190917,190917/FC402_03_dt_UMI_S2_L001_R1_001.fastq.gz,,,,
FC403_n04_dt,FC403,PK15,adult,f,SW,SWf,thorax,36,50,high,PK_hi_SWf_t,3,G,5,G5,262.9,2.14,FC403_04_dt_UMI_S39,FC403_04_dt_UMI_S39,190917,190917/FC403_04_dt_UMI_S39_L001_R1_001.fastq.gz,,,,
FC403_n04_ov,FC403,PK15,adult,f,SW,SWf,gonad,36,50,high,PK_hi_SWf_g,3,G,6,G6,159.7,2.14,FC403_04_ov_UMI_S47,FC403_04_ov_UMI_S47,190917,190917/FC403_04_ov_UMI_S47_L001_R1_001.fastq.gz,,,,
FC403_n22_dt,FC403,PK15,adult,f,LW,LWf,thorax,36,50,high,PK_hi_LWf_t,3,G,7,G7,313.5,2.16,FC403_22_dt_UMI_S55,FC403_22_dt_UMI_S55,190917,190917/FC403_22_dt_UMI_S55_L001_R1_001.fastq.gz,,,,
FC403_n22_ov,FC403,PK15,adult,f,LW,LWf,gonad,36,50,high,PK_hi_LWf_g,3,G,8,G8,215.6,2.16,FC403_22_ov_UMI_S62,FC403_22_ov_UMI_S62,190917,190917/FC403_22_ov_UMI_S62_L001_R1_001.fastq.gz,,,,
FC404_n01_ab,FC404,KL15,L5,f,NA,NA,abdomen,25,10,low,KL_lo_l5f_a,3,A,12,A12,970.3,2.22,FC404_01_ab_UMI_S88,FC404_01_ab_UMI_S88,190917,190917/FC404_01_ab_UMI_S88_L001_R1_001.fastq.gz,,,,
FC404_n01_dt,FC404,KL15,L5,f,NA,NA,thorax,25,10,low,KL_lo_l5f_t,3,A,11,A11,279,2.15,FC404_01_dt_UMI_S80,FC404_01_dt_UMI_S80,190917,190917/FC404_01_dt_UMI_S80_L001_R1_001.fastq.gz,,,,
FC405_n03_ab,FC405,PK15,L5,m,NA,NA,abdomen,16,32,high,PK_hi_l5m_a,3,A,10,A10,1012,2.24,FC405_03_ab_UMI_S72,FC405_03_ab_UMI_S72,190917,190917/FC405_03_ab_UMI_S72_L001_R1_001.fastq.gz,,,,
FC405_n03_dt,FC405,PK15,L5,m,NA,NA,thorax,16,32,high,PK_hi_l5m_t,3,A,9,A9,144.8,2.21,FC405_03_dt_UMI_S64,FC405_03_dt_UMI_S64,190917,190917/FC405_03_dt_UMI_S64_L001_R1_001.fastq.gz,,,,
FC406_n02_ab,FC406,PK15,L5,m,NA,NA,abdomen,25,40,high,PK_hi_l5m_a,3,A,8,A8,52.5,2.29,FC406_02_ab_UMI_S57,FC406_02_ab_UMI_S57,190917,190917/FC406_02_ab_UMI_S57_L001_R1_001.fastq.gz,,,,
FC406_n02_dt,FC406,PK15,L5,m,NA,NA,thorax,25,40,high,PK_hi_l5m_t,3,A,7,A7,90,2.16,FC406_02_dt_UMI_S49,FC406_02_dt_UMI_S49,190917,190917/FC406_02_dt_UMI_S49_L001_R1_001.fastq.gz,,,,
FC406_n03_dt,FC406,PK15,adult,f,SW,SWf,thorax,25,40,high,PK_hi_SWf_t,3,G,9,G9,207.5,2.19,FC406_03_dt_UMI_S70,FC406_03_dt_UMI_S70,190917,190917/FC406_03_dt_UMI_S70_L001_R1_001.fastq.gz,,,,
FC406_n03_ov,FC406,PK15,adult,f,SW,SWf,gonad,25,40,high,PK_hi_SWf_g,3,G,10,G10,198.3,2.13,FC406_03_ov_UMI_S78,FC406_03_ov_UMI_S78,190917,190917/FC406_03_ov_UMI_S78_L001_R1_001.fastq.gz,,,,
FC407_n05_dt,FC407,KL15,adult,f,SW,SWf,thorax,19,30,high,KL_hi_SWf_t,3,G,11,G11,904.2,2.2,FC407_05_dt_UMI_S86,FC407_05_dt_UMI_S86,190917,190917/FC407_05_dt_UMI_S86_L001_R1_001.fastq.gz,,,,
FC407_n05_ov,FC407,KL15,adult,f,SW,SWf,gonad,19,30,high,KL_hi_SWf_g,3,G,12,G12,438.1,2.13,FC407_05_ov_UMI_S94,FC407_05_ov_UMI_S94,190917,190917/FC407_05_ov_UMI_S94_L001_R1_001.fastq.gz,,,,
FC407_n07_dt,FC407,KL15,adult,f,SW,SWf,thorax,19,30,high,KL_hi_SWf_t,3,H,1,H1,212.1,2.15,FC407_07_dt_UMI_S8,FC407_07_dt_UMI_S8,190917,190917/FC407_07_dt_UMI_S8_L001_R1_001.fastq.gz,,,,
FC407_n07_te,FC407,KL15,adult,f,SW,SWf,gonad,19,30,high,KL_hi_SWf_g,3,H,2,H2,41.8,2.13,FC407_07_te_UMI_S16,FC407_07_te_UMI_S16,190917,190917/FC407_07_te_UMI_S16_L001_R1_001.fastq.gz,,,,
FC407_n16_dt,FC407,KL15,adult,m,LW,LWm,thorax,19,30,high,KL_hi_LWm_t,3,H,3,H3,449.3,2.13,FC407_16_dt_UMI_S24,FC407_16_dt_UMI_S24,190917,190917/FC407_16_dt_UMI_S24_L001_R1_001.fastq.gz,,,,
FC407_n16_te,FC407,KL15,adult,m,LW,LWm,gonad,19,30,high,KL_hi_LWm_g,3,H,4,H4,75.7,2.22,FC407_16_te_UMI_S32,FC407_16_te_UMI_S32,190917,190917/FC407_16_te_UMI_S32_L001_R1_001.fastq.gz,,,,
FC408_n01_ab,FC408,PK15,L5,m,NA,NA,abdomen,26,10,low,PK_lo_l5m_a,3,A,6,A6,435.5,2.2,FC408_01_ab_UMI_S41,FC408_01_ab_UMI_S41,190917,190917/FC408_01_ab_UMI_S41_L001_R1_001.fastq.gz,,,,
FC408_n01_dt,FC408,PK15,L5,m,NA,NA,thorax,26,10,low,PK_lo_l5m_t,3,A,5,A5,204.7,1.98,FC408_01_dt_UMI_S33,FC408_01_dt_UMI_S33,190917,190917/FC408_01_dt_UMI_S33_L001_R1_001.fastq.gz,,,,
FC408_n02_ab,FC408,PK15,L5,m,NA,NA,abdomen,26,10,low,PK_lo_l5m_a,3,A,4,A4,355.9,2.17,FC408_02_ab_UMI_S25,FC408_02_ab_UMI_S25,190917,190917/FC408_02_ab_UMI_S25_L001_R1_001.fastq.gz,,,,
FC408_n02_dt,FC408,PK15,L5,m,NA,NA,thorax,26,10,low,PK_lo_l5m_t,3,A,3,A3,326.1,2.15,FC408_02_dt_UMI_S17,FC408_02_dt_UMI_S17,190917,190917/FC408_02_dt_UMI_S17_L001_R1_001.fastq.gz,,,,
FC408_n03_ab,FC408,PK15,L5,m,NA,NA,abdomen,26,10,low,PK_lo_l5m_a,3,A,2,A2,350.5,2.17,FC408_03_ab_UMI_S9,FC408_03_ab_UMI_S9,190917,190917/FC408_03_ab_UMI_S9_L001_R1_001.fastq.gz,,,,
FC408_n03_dt,FC408,PK15,L5,m,NA,NA,thorax,26,10,low,PK_lo_l5m_t,3,A,1,A1,315.7,2.17,FC408_03_dt_UMI_S1,FC408_03_dt_UMI_S1,190917,190917/FC408_03_dt_UMI_S1_L001_R1_001.fastq.gz,,,,
FC411_n10_dt,FC411,KL15,adult,m,SW,SWm,thorax,18,30,high,KL_hi_SWm_t,3,H,5,H5,360.4,2.15,FC411_10_dt_UMI_S40,FC411_10_dt_UMI_S40,190917,190917/FC411_10_dt_UMI_S40_L001_R1_001.fastq.gz,,,,
FC411_n10_te,FC411,KL15,adult,m,SW,SWm,gonad,18,30,high,KL_hi_SWm_g,3,H,6,H6,102.8,2.18,FC411_10_te_UMI_S48,FC411_10_te_UMI_S48,190917,190917/FC411_10_te_UMI_S48_L001_R1_001.fastq.gz,,,,
FC412_n01_dt,FC412,PK13,adult,m,LW,LWm,thorax,34,15,low,PK_lo_LWm_t,3,H,7,H7,197.6,2.18,FC412_01_dt_UMI_S56,FC412_01_dt_UMI_S56,190917,190917/FC412_01_dt_UMI_S56_L001_R1_001.fastq.gz,,,,
FC412_n01_te,FC412,PK13,adult,m,LW,LWm,gonad,34,15,low,PK_lo_LWm_g,3,H,8,H8,75.4,2.21,FC412_01_te_UMI_S63,FC412_01_te_UMI_S63,190917,190917/FC412_01_te_UMI_S63_L001_R1_001.fastq.gz,,,,
FC417_n13_dt,FC417,PK13,adult,f,LW,LWf,thorax,28,40,high,PK_hi_LWf_t,3,H,9,H9,113.6,2.2,FC417_13_dt_UMI_S71,FC417_13_dt_UMI_S71,190917,190917/FC417_13_dt_UMI_S71_L001_R1_001.fastq.gz,,,,
FC417_n13_ov,FC417,PK13,adult,f,LW,LWf,gonad,28,40,high,PK_hi_LWf_g,3,H,10,H10,34.8,2.18,FC417_13_ov_UMI_S79,FC417_13_ov_UMI_S79,190917,190917/FC417_13_ov_UMI_S79_L001_R1_001.fastq.gz,,,,
FC420_n02_dt,FC420,AC15,adult,m,LW,LWm,thorax,20,35,high,AC_hi_LWm_t,3,H,11,H11,256.2,2.19,FC420_02_dt_UMI_S87,FC420_02_dt_UMI_S87,190917,190917/FC420_02_dt_UMI_S87_L001_R1_001.fastq.gz,,,,
FC420_n02_te,FC420,AC15,adult,m,LW,LWm,gonad,20,35,high,AC_hi_LWm_g,3,H,12,H12,5,2.17,FC420_02_te_UMI_S95,FC420_02_te_UMI_S95,190917,190917/FC420_02_te_UMI_S95_L001_R1_001.fastq.gz,,,,
FC388_n02_dt,FC388,AC15,L5,f,NA,NA,thorax,10,15,high,AC_hi_l5f_t,2,G,1,G1,87.3,2.14,S53,G1_S53,180824,180824/G1_S53_L002_R1_001.fastq.gz,,,,
FC391_n01_ov,FC391,AC15,adult,f,SW,SWf,gonad,26,14,low,AC_lo_SWf_g,2,G,10,G10,186.05,2.11,S125,G10_S125,180824,180824/G10_S125_L002_R1_001.fastq.gz,,,,
FC350_n02_dt,FC350,KL15,adult,m,LW,LWm,thorax,30,15,low,KL_lo_LWm_t,2,G,11,G11,312.6,2.2,S133,G11_S133,180824,180824/G11_S133_L002_R1_001.fastq.gz,,,,
FC350_n02_te,FC350,KL15,adult,m,LW,LWm,gonad,30,15,low,KL_lo_LWm_g,2,G,12,G12,69.3,2.26,S141,G12_S141,180824,180824/G12_S141_L002_R1_001.fastq.gz,,,,
FC388_n02_ab,FC388,AC15,L5,f,NA,NA,abdomen,10,15,high,AC_hi_l5f_a,2,G,2,G2,763.96,2.18,S61,G2_S61,180824,180824/G2_S61_L002_R1_001.fastq.gz,,,,
FC388_n03_dt,FC388,AC15,L5,m,NA,NA,thorax,10,15,high,AC_hi_l5m_t,2,G,3,G3,64.35,2.14,S69,G3_S69,180824,180824/G3_S69_L002_R1_001.fastq.gz,,,,
FC388_n03_ab,FC388,AC15,L5,m,NA,NA,abdomen,10,15,high,AC_hi_l5m_a,2,G,4,G4,531.22,2.18,S77,G4_S77,180824,180824/G4_S77_L002_R1_001.fastq.gz,,,,
FC356_n04_ov,FC356,AC15,adult,f,SW,SWf,gonad,20,10,low,AC_lo_SWf_g,2,G,5,G5,58.7,2.29,S85,G5_S85,180824,180824/G5_S85_L002_R1_001.fastq.gz,,,,
FC388_n04_dt,FC388,AC15,L5,m,NA,NA,thorax,10,15,high,AC_hi_l5m_t,2,G,6,G6,358.12,2.15,S93,G6_S93,180824,180824/G6_S93_L002_R1_001.fastq.gz,,,,
FC388_n05_dt,FC388,AC15,L5,f,NA,NA,thorax,10,15,high,AC_hi_l5f_t,2,G,7,G7,233.85,2.18,S101,G7_S101,180824,180824/G7_S101_L002_R1_001.fastq.gz,,,,
FC388_n05_ab,FC388,AC15,L5,f,NA,NA,abdomen,10,15,high,AC_hi_l5f_a,2,G,8,G8,898.09,2.27,S109,G8_S109,180824,180824/G8_S109_L002_R1_001.fastq.gz,,,,
FC391_n01_dt,FC391,AC15,adult,f,SW,SWf,thorax,26,14,low,AC_lo_SWf_t,2,G,9,G9,956.75,2.18,S117,G9_S117,180824,180824/G9_S117_L002_R1_001.fastq.gz,,,,
FC351_n04_dt,FC351,KL15,adult,m,SW,SWm,thorax,16,8,low,KL_lo_SWm_t,2,H,1,H1,193.4,2.22,S54,H1_S54,180824,180824/H1_S54_L002_R1_001.fastq.gz,,,,
FC373_n04_te,FC373,KL15,adult,m,SW,SWm,gonad,20,10,low,KL_lo_SWm_g,2,H,10,H10,69.1,2.29,S126,H10_S126,180824,180824/H10_S126_L002_R1_001.fastq.gz,,,,
FC377_n02_dt,FC377,AC15,adult,m,SW,SWm,thorax,20,20,low,AC_lo_SWm_t,2,H,11,H11,260.7,2.21,S134,H11_S134,180824,180824/H11_S134_L002_R1_001.fastq.gz,,,,
FC377_n02_te,FC377,AC15,adult,m,SW,SWm,gonad,20,20,low,AC_lo_SWm_g,2,H,12,H12,61.3,2.36,S142,H12_S142,180824,180824/H12_S142_L002_R1_001.fastq.gz,,,,
FC351_n04_te,FC351,KL15,adult,m,SW,SWm,gonad,16,8,low,KL_lo_SWm_g,2,H,2,H2,70.8,2.22,S62,H2_S62,180824,180824/H2_S62_L002_R1_001.fastq.gz,,,,
FC353_n01_dt,FC353,AC15,adult,m,LW,LWm,thorax,13,20,high,AC_hi_LWm_t,2,H,3,H3,236.5,2.2,S70,H3_S70,180824,180824/H3_S70_L002_R1_001.fastq.gz,,,,
FC353_n01_te,FC353,AC15,adult,m,LW,LWm,gonad,13,20,high,AC_hi_LWm_g,2,H,4,H4,76.7,2.26,S78,H4_S78,180824,180824/H4_S78_L002_R1_001.fastq.gz,,,,
FC356_n04_dt,FC356,AC15,adult,f,SW,SWf,thorax,20,10,low,AC_lo_SWf_t,2,H,5,H5,37.4,2.29,S86,H5_S86,180824,180824/H5_S86_L002_R1_001.fastq.gz,,,,
FC388_n04_ab,FC388,AC15,L5,m,NA,NA,abdomen,10,15,high,AC_hi_l5m_a,2,H,6,H6,536.39,2.18,S94,H6_S94,180824,180824/H6_S94_L002_R1_001.fastq.gz,,,,
FC381_n02_dt,FC381,KL15,L5,m,NA,NA,thorax,16,4,low,KL_lo_l5m_t,2,H,7,H7,389.3,2.16,S102,H7_S102,180824,180824/H7_S102_L002_R1_001.fastq.gz,,Sex is ambigous in picture,,
FC381_n02_ab,FC381,KL15,L5,m,NA,NA,abdomen,16,4,low,KL_lo_l5m_a,2,H,8,H8,351.9,2.24,S110,H8_S110,180824,180824/H8_S110_L002_R1_001.fastq.gz,,Sex is ambigous in picture,,
FC373_n04_dt,FC373,KL15,adult,m,SW,SWm,thorax,20,10,low,KL_lo_SWm_t,2,H,9,H9,244.8,2.18,S118,H9_S118,180824,180824/H9_S118_L002_R1_001.fastq.gz,,,,